work_id,recommendation_id,mp_id,mp_name,work_name,category,sub_category,state,district,constituency,block,village,latitude,longitude,recommended_amount,sanctioned_amount,expenditure_amount,remaining_amount,recommendation_date,sanction_date,start_date,expected_completion_date,actual_completion_date,status,progress_percentage,implementing_agency_id,implementing_agency_name,document_count,photo_count,has_completion_certificate,source_type
MPL-2024-UP-004821,REC-2023-9901,MP-LS-17-084,Shri Ramakant Sharma (Hon'ble MP),"Construction of CC Road and Paver Works from Main Chowk to Panchayat Bhawan, Village Rampur",Rural Roads & Bridges,CC Road Construction,Uttar Pradesh,Varanasi,Varanasi,Kashi Vidyapeeth,Rampur,25.321,82.9765,4800000.0,4800000.0,4200000.0,600000.0,2023-08-10,2023-10-25,2023-11-15,2024-05-30,,Ongoing,45.0,AGY-XYZ-99,XYZ Infrastructure & Construction Private Ltd,2,1,False,DEMO/SYNTHETIC DATA
MPL-2024-UP-004822,REC-2023-9902,MP-LS-17-084,Shri Ramakant Sharma (Hon'ble MP),"Construction of Concrete CC Road from Main Chowk to Gram Panchayat Bhawan, Rampur",Rural Roads & Bridges,CC Road Construction,Uttar Pradesh,Varanasi,Varanasi,Kashi Vidyapeeth,Rampur,25.3235,82.978,4650000.0,4650000.0,3900000.0,750000.0,2023-09-02,2023-11-10,2023-12-01,2024-06-15,,Ongoing,40.0,AGY-XYZ-99,XYZ Infrastructure & Construction Private Ltd,2,1,False,DEMO/SYNTHETIC DATA
MPL-2024-MH-001890,REC-2023-7712,MP-LS-17-112,Smt. Anjali Kulkarni (Hon'ble MP),Construction of High-Capacity Piped Water Overhead Tank at Titwala,Drinking Water,Piped Water Overhead Tank,Maharashtra,Thane,Thane,Kalyan,Titwala,19.298,73.2085,2400000.0,2400000.0,2400000.0,0.0,2023-04-12,2023-06-18,2023-07-01,2024-02-28,2024-03-10,Completed,100.0,AGY-WSS-05,Public Health Engineering & Water Supply Dept,2,0,False,DEMO/SYNTHETIC DATA
MPL-2024-BR-003310,REC-2023-4419,MP-LS-17-045,Shri Rajeshwar Prasad (Hon'ble MP),Establishment of Primary Health Sub-Centre Building at Ranipur,Health & Sanitation,Primary Health Sub-Centre Building,Bihar,Patna,Patna Sahib,Phulwari Sharif,Ranipur,25.568,85.074,2800000.0,2800000.0,1900000.0,900000.0,2023-02-15,2023-05-10,2023-06-01,2023-12-31,,Ongoing,25.0,AGY-XYZ-99,XYZ Infrastructure & Construction Private Ltd,2,1,False,DEMO/SYNTHETIC DATA
MPL-2024-KE-000005,REC-2023-7421,MP-LS-17-73,Hon'ble Member of Parliament (Ernakulam),"Piped Water Overhead Tank at Cherai, Block Aluva",Drinking Water,Piped Water Overhead Tank,Kerala,Ernakulam,Ernakulam,Aluva,Cherai,9.9501,76.2819,1910000.0,1810000.0,1810000.0,0.0,2023-11-27,2023-12-18,2024-01-16,2024-10-31,2024-10-31,Completed,100.0,AGY-RWD-02,Rural Works Department (RWD) Engineering Wing,4,4,True,DEMO/SYNTHETIC DATA
MPL-2024-BI-000006,REC-2023-5510,MP-LS-17-39,Hon'ble Member of Parliament (Patna Sahib),"Senior Citizen Recreation Shed at Baikatpur, Block Fatuha",Community Infrastructure,Senior Citizen Recreation Shed,Bihar,Patna,Patna Sahib,Fatuha,Baikatpur,25.6708,85.1532,2760000.0,2760000.0,2760000.0,0.0,2023-04-28,2023-06-19,2023-07-02,2023-11-14,2023-11-12,Completed,100.0,AGY-XYZ-99,XYZ Infrastructure & Construction Private Ltd,4,2,True,DEMO/SYNTHETIC DATA
MPL-2024-AS-000007,REC-2023-6361,MP-LS-17-28,Hon'ble Member of Parliament (Gauhati),"School Boundary Wall & Sanitation at Mirza, Block Bezera",Education & Classrooms,School Boundary Wall & Sanitation,Assam,Kamrup,Gauhati,Bezera,Mirza,26.1518,91.7807,2970000.0,2970000.0,2970000.0,0.0,2023-11-01,2023-12-20,2024-01-10,2024-08-13,2024-08-24,Completed,100.0,AGY-DRDA-04,District Rural Development Agency (DRDA),5,2,True,DEMO/SYNTHETIC DATA
MPL-2024-RA-000008,REC-2023-9896,MP-LS-17-30,Hon'ble Member of Parliament (Jaipur Rural),"CC Road Construction at Manoharpur, Block Shahpura",Rural Roads & Bridges,CC Road Construction,Rajasthan,Jaipur,Jaipur Rural,Shahpura,Manoharpur,26.9009,75.7469,2630000.0,2630000.0,2630000.0,0.0,2023-11-04,2023-12-17,2024-01-16,2024-11-09,2024-11-19,Completed,100.0,AGY-DRDA-04,District Rural Development Agency (DRDA),4,3,True,DEMO/SYNTHETIC DATA
MPL-2024-AS-000009,REC-2023-9440,MP-LS-17-64,Hon'ble Member of Parliament (Gauhati),"RO Water Treatment Plant at Sualkuchi, Block Chaygaon",Drinking Water,RO Water Treatment Plant,Assam,Kamrup,Gauhati,Chaygaon,Sualkuchi,26.1356,91.7874,2390000.0,2390000.0,2390000.0,0.0,2023-02-07,2023-03-23,2023-04-08,2023-09-12,2023-09-26,Completed,100.0,AGY-RWD-02,Rural Works Department (RWD) Engineering Wing,5,2,True,DEMO/SYNTHETIC DATA
MPL-2024-RA-000010,REC-2023-4810,MP-LS-17-12,Hon'ble Member of Parliament (Jaipur Rural),"Hand Pump Installation Cluster at Kukas, Block Shahpura",Drinking Water,Hand Pump Installation Cluster,Rajasthan,Jaipur,Jaipur Rural,Shahpura,Kukas,26.9449,75.8209,970000.0,920000.0,920000.0,0.0,2023-06-25,2023-08-17,2023-08-30,2024-04-27,2024-05-09,Completed,100.0,AGY-ZP-03,Zila Parishad Rural Infrastructure Cell,5,4,True,DEMO/SYNTHETIC DATA
MPL-2024-KE-000011,REC-2023-7520,MP-LS-17-47,Hon'ble Member of Parliament (Ernakulam),"Health Diagnostic Equipment at Kalamassery, Block Muvattupuzha",Health & Sanitation,Health Diagnostic Equipment,Kerala,Ernakulam,Ernakulam,Muvattupuzha,Kalamassery,10.0048,76.2446,1590000.0,1540000.0,584000.0,956000.0,2023-09-16,2023-11-14,2023-11-25,2024-08-27,,Ongoing,40.0,AGY-WSS-05,Public Health Engineering & Water Supply Dept,3,1,False,DEMO/SYNTHETIC DATA
MPL-2024-AS-000012,REC-2023-4721,MP-LS-17-50,Hon'ble Member of Parliament (Gauhati),"Hand Pump Installation Cluster at Mirza, Block Kamalpur",Drinking Water,Hand Pump Installation Cluster,Assam,Kamrup,Gauhati,Kamalpur,Mirza,26.0877,91.732,1010000.0,860000.0,362000.0,498000.0,2023-12-02,2024-01-30,2024-02-10,2024-08-21,,Ongoing,46.0,AGY-DRDA-04,District Rural Development Agency (DRDA),4,1,False,DEMO/SYNTHETIC DATA
MPL-2024-RA-000013,REC-2023-7348,MP-LS-17-60,Hon'ble Member of Parliament (Jaipur Rural),"School Boundary Wall & Sanitation at Achrol, Block Sanganer",Education & Classrooms,School Boundary Wall & Sanitation,Rajasthan,Jaipur,Jaipur Rural,Sanganer,Achrol,26.9847,75.7892,2950000.0,2900000.0,1351000.0,1549000.0,2023-04-01,2023-05-07,2023-05-27,2024-03-02,,Ongoing,43.0,AGY-ZP-03,Zila Parishad Rural Infrastructure Cell,2,1,False,DEMO/SYNTHETIC DATA
MPL-2024-MA-000014,REC-2023-6725,MP-LS-17-65,Hon'ble Member of Parliament (Thane),"Primary Health Sub-Centre Building at Padgha, Block Kalyan",Health & Sanitation,Primary Health Sub-Centre Building,Maharashtra,Thane,Thane,Kalyan,Padgha,19.1412,72.9896,2600000.0,2500000.0,2500000.0,0.0,2023-10-04,2023-11-17,2023-12-15,2024-09-08,2024-08-25,Completed,100.0,AGY-ZP-03,Zila Parishad Rural Infrastructure Cell,4,2,True,DEMO/SYNTHETIC DATA
MPL-2024-BI-000015,REC-2023-6827,MP-LS-17-34,Hon'ble Member of Parliament (Patna Sahib),"Deep Borewell & Solar Pump System at Gauri Chak, Block Danapur",Drinking Water,Deep Borewell & Solar Pump System,Bihar,Patna,Patna Sahib,Danapur,Gauri Chak,25.5246,85.1496,2110000.0,2110000.0,1024000.0,1086000.0,2023-09-27,2023-11-17,2023-12-17,2024-07-07,,Ongoing,49.0,AGY-XYZ-99,XYZ Infrastructure & Construction Private Ltd,4,1,False,DEMO/SYNTHETIC DATA
MPL-2024-MA-000016,REC-2023-1985,MP-LS-17-65,Hon'ble Member of Parliament (Thane),"CC Road Construction at Padgha, Block Kalyan",Rural Roads & Bridges,CC Road Construction,Maharashtra,Thane,Thane,Kalyan,Padgha,19.1434,73.0335,2980000.0,2930000.0,1852000.0,1078000.0,2023-11-28,2023-12-18,2024-01-14,2024-06-20,,Ongoing,66.0,AGY-DRDA-04,District Rural Development Agency (DRDA),3,3,False,DEMO/SYNTHETIC DATA
MPL-2024-RA-000017,REC-2023-3869,MP-LS-17-45,Hon'ble Member of Parliament (Jaipur Rural),"Solar Street Light Grid (50 poles) at Kukas, Block Sanganer",Solar & Renewable Energy,Solar Street Light Grid (50 poles),Rajasthan,Jaipur,Jaipur Rural,Sanganer,Kukas,26.8867,75.7505,920000.0,820000.0,658000.0,162000.0,2023-03-20,2023-04-28,2023-05-15,2024-01-02,,Ongoing,73.0,AGY-XYZ-99,XYZ Infrastructure & Construction Private Ltd,3,1,False,DEMO/SYNTHETIC DATA
MPL-2024-MA-000018,REC-2023-7129,MP-LS-17-68,Hon'ble Member of Parliament (Thane),"High-Mast Solar Lighting Chowk at Khadavali, Block Murbad",Solar & Renewable Energy,High-Mast Solar Lighting Chowk,Maharashtra,Thane,Thane,Murbad,Khadavali,19.14,72.9061,440000.0,440000.0,440000.0,0.0,2023-08-13,2023-09-19,2023-10-14,2024-06-09,2024-07-08,Completed,100.0,AGY-DRDA-04,District Rural Development Agency (DRDA),5,3,True,DEMO/SYNTHETIC DATA
MPL-2024-BI-000019,REC-2023-1710,MP-LS-17-50,Hon'ble Member of Parliament (Patna Sahib),"Village Waste Segregation Shed at Baikatpur, Block Phulwari Sharif",Health & Sanitation,Village Waste Segregation Shed,Bihar,Patna,Patna Sahib,Phulwari Sharif,Baikatpur,25.605,85.0845,2060000.0,1910000.0,1386000.0,524000.0,2023-10-23,2023-11-26,2023-12-21,2024-06-24,,Ongoing,79.0,AGY-XYZ-99,XYZ Infrastructure & Construction Private Ltd,2,2,False,DEMO/SYNTHETIC DATA
MPL-2024-KE-000020,REC-2023-8566,MP-LS-17-61,Hon'ble Member of Parliament (Ernakulam),"Panchayat Community Hall at Cherai, Block Muvattupuzha",Community Infrastructure,Panchayat Community Hall,Kerala,Ernakulam,Ernakulam,Muvattupuzha,Cherai,9.9373,76.2251,1230000.0,1080000.0,1080000.0,0.0,2023-02-16,2023-03-30,2023-04-29,2023-09-11,2023-10-15,Completed,100.0,AGY-DRDA-04,District Rural Development Agency (DRDA),5,2,True,DEMO/SYNTHETIC DATA
MPL-2024-KE-000021,REC-2023-3879,MP-LS-17-91,Hon'ble Member of Parliament (Ernakulam),"CC Road Construction at Cherai, Block Muvattupuzha",Rural Roads & Bridges,CC Road Construction,Kerala,Ernakulam,Ernakulam,Muvattupuzha,Cherai,9.9325,76.3476,3760000.0,3760000.0,1055000.0,2705000.0,2023-10-24,2023-12-18,2023-12-30,2024-07-08,,Ongoing,26.0,AGY-RWD-02,Rural Works Department (RWD) Engineering Wing,4,1,False,DEMO/SYNTHETIC DATA
MPL-2024-RA-000022,REC-2023-5718,MP-LS-17-54,Hon'ble Member of Parliament (Jaipur Rural),"Rooftop Solar for Govt Hospital at Manoharpur, Block Sanganer",Solar & Renewable Energy,Rooftop Solar for Govt Hospital,Rajasthan,Jaipur,Jaipur Rural,Sanganer,Manoharpur,26.9161,75.7497,660000.0,610000.0,610000.0,0.0,2023-01-06,2023-02-19,2023-03-15,2023-09-11,2023-09-11,Completed,100.0,AGY-DRDA-04,District Rural Development Agency (DRDA),5,3,True,DEMO/SYNTHETIC DATA
MPL-2024-UT-000023,REC-2023-7153,MP-LS-17-22,Hon'ble Member of Parliament (Varanasi),"Panchayat Community Hall at Badagaon, Block Sewapuri",Community Infrastructure,Panchayat Community Hall,Uttar Pradesh,Varanasi,Varanasi,Sewapuri,Badagaon,25.3755,83.0488,2280000.0,2280000.0,2280000.0,0.0,2023-07-05,2023-08-03,2023-08-18,2023-12-28,2024-01-15,Completed,100.0,AGY-XYZ-99,XYZ Infrastructure & Construction Private Ltd,4,4,True,DEMO/SYNTHETIC DATA
MPL-2024-BI-000024,REC-2023-5542,MP-LS-17-34,Hon'ble Member of Parliament (Patna Sahib),"Additional Classroom Building at Baikatpur, Block Fatuha",Education & Classrooms,Additional Classroom Building,Bihar,Patna,Patna Sahib,Fatuha,Baikatpur,25.5434,85.078,2870000.0,2820000.0,2820000.0,0.0,2023-04-12,2023-05-20,2023-06-05,2024-03-17,2024-02-26,Completed,100.0,AGY-XYZ-99,XYZ Infrastructure & Construction Private Ltd,5,4,True,DEMO/SYNTHETIC DATA
MPL-2024-KA-000025,REC-2023-5177,MP-LS-17-46,Hon'ble Member of Parliament (Bangalore North),"School Science Laboratory at Singanayakanahalli, Block Yelahanka",Education & Classrooms,School Science Laboratory,Karnataka,Bengaluru Urban,Bangalore North,Yelahanka,Singanayakanahalli,12.9641,77.6258,2390000.0,2340000.0,691000.0,1649000.0,2023-07-25,2023-08-18,2023-09-08,2024-06-12,,Ongoing,31.0,AGY-DRDA-04,District Rural Development Agency (DRDA),4,1,False,DEMO/SYNTHETIC DATA
MPL-2024-WE-000026,REC-2023-1666,MP-LS-17-94,Hon'ble Member of Parliament (Krishnanagar),"Link Road Widening at Dhubulia, Block Nabadwip",Rural Roads & Bridges,Link Road Widening,West Bengal,Nadia,Krishnanagar,Nabadwip,Dhubulia,23.4008,88.4731,1870000.0,1770000.0,1770000.0,0.0,2023-10-25,2023-11-29,2023-12-14,2024-09-13,2024-10-14,Completed,100.0,AGY-XYZ-99,XYZ Infrastructure & Construction Private Ltd,5,4,True,DEMO/SYNTHETIC DATA
MPL-2024-BI-000027,REC-2023-6489,MP-LS-17-39,Hon'ble Member of Parliament (Patna Sahib),"School Science Laboratory at Sabbalpur, Block Danapur",Education & Classrooms,School Science Laboratory,Bihar,Patna,Patna Sahib,Danapur,Sabbalpur,25.5662,85.0669,930000.0,880000.0,602000.0,278000.0,2023-11-15,2023-12-13,2024-01-11,2024-07-26,,Ongoing,72.0,AGY-XYZ-99,XYZ Infrastructure & Construction Private Ltd,4,2,False,DEMO/SYNTHETIC DATA
MPL-2024-AS-000028,REC-2023-3786,MP-LS-17-25,Hon'ble Member of Parliament (Gauhati),"Community Public Toilet Complex at Sualkuchi, Block Hajo",Health & Sanitation,Community Public Toilet Complex,Assam,Kamrup,Gauhati,Hajo,Sualkuchi,26.0887,91.7677,2280000.0,2230000.0,2230000.0,0.0,2023-10-04,2023-11-28,2023-12-28,2024-09-01,2024-08-13,Completed,100.0,AGY-ZP-03,Zila Parishad Rural Infrastructure Cell,5,3,True,DEMO/SYNTHETIC DATA
MPL-2024-KA-000029,REC-2023-3689,MP-LS-17-61,Hon'ble Member of Parliament (Bangalore North),"Additional Classroom Building at Attibele, Block Yelahanka",Education & Classrooms,Additional Classroom Building,Karnataka,Bengaluru Urban,Bangalore North,Yelahanka,Attibele,13.03,77.637,890000.0,840000.0,0.0,840000.0,2023-10-28,2023-11-22,2023-12-10,2024-06-27,,Sanctioned,0.0,AGY-DRDA-04,District Rural Development Agency (DRDA),2,0,False,DEMO/SYNTHETIC DATA
MPL-2024-KE-000030,REC-2023-3018,MP-LS-17-91,Hon'ble Member of Parliament (Ernakulam),"Piped Water Overhead Tank at Kalamassery, Block Aluva",Drinking Water,Piped Water Overhead Tank,Kerala,Ernakulam,Ernakulam,Aluva,Kalamassery,9.9254,76.2839,1970000.0,1820000.0,1358000.0,462000.0,2023-10-04,2023-11-26,2023-12-25,2024-08-02,,Ongoing,71.0,AGY-RWD-02,Rural Works Department (RWD) Engineering Wing,3,1,False,DEMO/SYNTHETIC DATA
MPL-2024-BI-000031,REC-2023-7534,MP-LS-17-95,Hon'ble Member of Parliament (Patna Sahib),"Rooftop Solar for Govt Hospital at Sabbalpur, Block Fatuha",Solar & Renewable Energy,Rooftop Solar for Govt Hospital,Bihar,Patna,Patna Sahib,Fatuha,Sabbalpur,25.6729,85.1644,1200000.0,1050000.0,0.0,1050000.0,2023-01-02,2023-02-19,2023-03-08,2023-07-11,,Sanctioned,0.0,AGY-XYZ-99,XYZ Infrastructure & Construction Private Ltd,2,0,False,DEMO/SYNTHETIC DATA
MPL-2024-KA-000032,REC-2023-8348,MP-LS-17-79,Hon'ble Member of Parliament (Bangalore North),"Public Bus Passenger Shelter at Attibele, Block Bengaluru North",Community Infrastructure,Public Bus Passenger Shelter,Karnataka,Bengaluru Urban,Bangalore North,Bengaluru North,Attibele,12.9321,77.538,1240000.0,1140000.0,0.0,1140000.0,2023-03-22,2023-05-20,2023-06-11,2023-12-14,,Sanctioned,0.0,AGY-RWD-02,Rural Works Department (RWD) Engineering Wing,2,0,False,DEMO/SYNTHETIC DATA
MPL-2024-KA-000033,REC-2023-6778,MP-LS-17-53,Hon'ble Member of Parliament (Bangalore North),"Hand Pump Installation Cluster at Mandur, Block Bengaluru North",Drinking Water,Hand Pump Installation Cluster,Karnataka,Bengaluru Urban,Bangalore North,Bengaluru North,Mandur,12.972,77.6608,2480000.0,2480000.0,2480000.0,0.0,2023-10-23,2023-11-17,2023-11-28,2024-08-25,2024-09-13,Completed,100.0,AGY-PWD-01,Public Works Department (PWD) Division I,5,4,True,DEMO/SYNTHETIC DATA
MPL-2024-RA-000034,REC-2023-4834,MP-LS-17-93,Hon'ble Member of Parliament (Jaipur Rural),"Deep Borewell & Solar Pump System at Nayla, Block Kotputli",Drinking Water,Deep Borewell & Solar Pump System,Rajasthan,Jaipur,Jaipur Rural,Kotputli,Nayla,26.8774,75.8401,1440000.0,1440000.0,858000.0,582000.0,2023-09-05,2023-10-06,2023-11-01,2024-06-18,,Ongoing,66.0,AGY-ZP-03,Zila Parishad Rural Infrastructure Cell,3,1,False,DEMO/SYNTHETIC DATA
MPL-2024-BI-000035,REC-2023-4966,MP-LS-17-35,Hon'ble Member of Parliament (Patna Sahib),"Deep Borewell & Solar Pump System at Ranipur, Block Bakhtiarpur",Drinking Water,Deep Borewell & Solar Pump System,Bihar,Patna,Patna Sahib,Bakhtiarpur,Ranipur,25.6677,85.0673,1740000.0,1740000.0,1165000.0,575000.0,2023-08-16,2023-09-06,2023-10-05,2024-05-29,,Ongoing,61.0,AGY-RWD-02,Rural Works Department (RWD) Engineering Wing,2,2,False,DEMO/SYNTHETIC DATA
MPL-2024-BI-000036,REC-2023-2302,MP-LS-17-28,Hon'ble Member of Parliament (Patna Sahib),"Crematorium Shed with Amenities at Jethuli, Block Bakhtiarpur",Community Infrastructure,Crematorium Shed with Amenities,Bihar,Patna,Patna Sahib,Bakhtiarpur,Jethuli,25.5169,85.1969,1260000.0,1160000.0,569000.0,591000.0,2023-04-05,2023-05-20,2023-06-10,2023-11-30,,Ongoing,48.0,AGY-WSS-05,Public Health Engineering & Water Supply Dept,2,1,False,DEMO/SYNTHETIC DATA
MPL-2024-MA-000037,REC-2023-4318,MP-LS-17-15,Hon'ble Member of Parliament (Thane),"Senior Citizen Recreation Shed at Titwala, Block Kalyan",Community Infrastructure,Senior Citizen Recreation Shed,Maharashtra,Thane,Thane,Kalyan,Titwala,19.2451,72.9278,1410000.0,1260000.0,432000.0,828000.0,2023-11-07,2023-12-18,2024-01-04,2024-09-18,,Ongoing,38.0,AGY-PWD-01,Public Works Department (PWD) Division I,4,1,False,DEMO/SYNTHETIC DATA
MPL-2024-BI-000038,REC-2023-9940,MP-LS-17-46,Hon'ble Member of Parliament (Patna Sahib),"School Boundary Wall & Sanitation at Baikatpur, Block Bakhtiarpur",Education & Classrooms,School Boundary Wall & Sanitation,Bihar,Patna,Patna Sahib,Bakhtiarpur,Baikatpur,25.5434,85.1558,2320000.0,2220000.0,2220000.0,0.0,2023-07-02,2023-08-05,2023-09-01,2024-05-23,2024-05-16,Completed,100.0,AGY-XYZ-99,XYZ Infrastructure & Construction Private Ltd,5,3,True,DEMO/SYNTHETIC DATA
MPL-2024-UT-000039,REC-2023-4930,MP-LS-17-52,Hon'ble Member of Parliament (Varanasi),"Health Diagnostic Equipment at Rampur, Block Kashi Vidyapeeth",Health & Sanitation,Health Diagnostic Equipment,Uttar Pradesh,Varanasi,Varanasi,Kashi Vidyapeeth,Rampur,25.3162,83.0507,1390000.0,1290000.0,1290000.0,0.0,2023-03-12,2023-04-28,2023-05-11,2023-12-22,2024-01-06,Completed,100.0,AGY-XYZ-99,XYZ Infrastructure & Construction Private Ltd,5,4,True,DEMO/SYNTHETIC DATA
MPL-2024-RA-000040,REC-2023-5093,MP-LS-17-70,Hon'ble Member of Parliament (Jaipur Rural),"Hand Pump Installation Cluster at Nayla, Block Sanganer",Drinking Water,Hand Pump Installation Cluster,Rajasthan,Jaipur,Jaipur Rural,Sanganer,Nayla,26.9694,75.7916,1330000.0,1330000.0,1330000.0,0.0,2023-06-01,2023-06-24,2023-07-20,2023-12-20,2023-12-24,Completed,100.0,AGY-DRDA-04,District Rural Development Agency (DRDA),4,4,True,DEMO/SYNTHETIC DATA
MPL-2024-KA-000041,REC-2023-9854,MP-LS-17-71,Hon'ble Member of Parliament (Bangalore North),"High-Mast Solar Lighting Chowk at Singanayakanahalli, Block Anekal",Solar & Renewable Energy,High-Mast Solar Lighting Chowk,Karnataka,Bengaluru Urban,Bangalore North,Anekal,Singanayakanahalli,13.0196,77.6719,1250000.0,1250000.0,598000.0,652000.0,2023-04-15,2023-06-07,2023-06-30,2024-01-16,,Ongoing,47.0,AGY-WSS-05,Public Health Engineering & Water Supply Dept,2,3,False,DEMO/SYNTHETIC DATA
MPL-2024-BI-000042,REC-2023-6303,MP-LS-17-65,Hon'ble Member of Parliament (Patna Sahib),"Piped Water Overhead Tank at Gauri Chak, Block Bakhtiarpur",Drinking Water,Piped Water Overhead Tank,Bihar,Patna,Patna Sahib,Bakhtiarpur,Gauri Chak,25.5238,85.12,1630000.0,1580000.0,1580000.0,0.0,2023-07-01,2023-07-31,2023-08-17,2024-04-20,2024-05-05,Completed,100.0,AGY-XYZ-99,XYZ Infrastructure & Construction Private Ltd,4,4,True,DEMO/SYNTHETIC DATA
MPL-2024-WE-000043,REC-2023-6014,MP-LS-17-52,Hon'ble Member of Parliament (Krishnanagar),"Panchayat Community Hall at Tehatta, Block Nabadwip",Community Infrastructure,Panchayat Community Hall,West Bengal,Nadia,Krishnanagar,Nabadwip,Tehatta,23.3666,88.4716,2900000.0,2850000.0,2850000.0,0.0,2023-02-12,2023-04-01,2023-04-14,2023-09-01,2023-09-07,Completed,100.0,AGY-PWD-01,Public Works Department (PWD) Division I,4,2,True,DEMO/SYNTHETIC DATA
MPL-2024-UT-000044,REC-2023-8970,MP-LS-17-88,Hon'ble Member of Parliament (Varanasi),"RO Water Treatment Plant at Rampur, Block Kashi Vidyapeeth",Drinking Water,RO Water Treatment Plant,Uttar Pradesh,Varanasi,Varanasi,Kashi Vidyapeeth,Rampur,25.3951,82.9968,1190000.0,1040000.0,1040000.0,0.0,2023-04-25,2023-06-07,2023-07-02,2023-12-06,2023-12-07,Completed,100.0,AGY-DRDA-04,District Rural Development Agency (DRDA),4,4,True,DEMO/SYNTHETIC DATA
MPL-2024-MA-000045,REC-2023-9226,MP-LS-17-86,Hon'ble Member of Parliament (Thane),"School Boundary Wall & Sanitation at Vashind, Block Ambernath",Education & Classrooms,School Boundary Wall & Sanitation,Maharashtra,Thane,Thane,Ambernath,Vashind,19.2691,72.9707,930000.0,930000.0,930000.0,0.0,2023-06-21,2023-07-31,2023-08-28,2024-03-11,2024-03-21,Completed,100.0,AGY-DRDA-04,District Rural Development Agency (DRDA),5,4,True,DEMO/SYNTHETIC DATA
MPL-2024-UT-000046,REC-2023-2365,MP-LS-17-19,Hon'ble Member of Parliament (Varanasi),"School Boundary Wall & Sanitation at Harahua, Block Cholapur",Education & Classrooms,School Boundary Wall & Sanitation,Uttar Pradesh,Varanasi,Varanasi,Cholapur,Harahua,25.3178,83.0367,1020000.0,970000.0,970000.0,0.0,2023-11-20,2023-12-17,2024-01-07,2024-07-17,2024-08-17,Completed,100.0,AGY-ZP-03,Zila Parishad Rural Infrastructure Cell,5,4,True,DEMO/SYNTHETIC DATA
MPL-2024-KA-000047,REC-2023-6872,MP-LS-17-62,Hon'ble Member of Parliament (Bangalore North),"CC Road Construction at Attibele, Block Yelahanka",Rural Roads & Bridges,CC Road Construction,Karnataka,Bengaluru Urban,Bangalore North,Yelahanka,Attibele,12.9838,77.5198,2210000.0,2110000.0,0.0,2110000.0,2023-03-07,2023-05-04,2023-05-25,2023-10-22,,Sanctioned,0.0,AGY-DRDA-04,District Rural Development Agency (DRDA),2,0,False,DEMO/SYNTHETIC DATA
MPL-2024-RA-000048,REC-2023-3030,MP-LS-17-34,Hon'ble Member of Parliament (Jaipur Rural),"Deep Borewell & Solar Pump System at Bassi, Block Chaksu",Drinking Water,Deep Borewell & Solar Pump System,Rajasthan,Jaipur,Jaipur Rural,Chaksu,Bassi,26.9053,75.8628,1880000.0,1730000.0,1037000.0,693000.0,2023-10-24,2023-12-10,2024-01-08,2024-08-30,,Ongoing,62.0,AGY-WSS-05,Public Health Engineering & Water Supply Dept,4,3,False,DEMO/SYNTHETIC DATA
MPL-2024-MA-000049,REC-2023-5152,MP-LS-17-69,Hon'ble Member of Parliament (Thane),"Rooftop Solar for Govt Hospital at Titwala, Block Bhiwandi",Solar & Renewable Energy,Rooftop Solar for Govt Hospital,Maharashtra,Thane,Thane,Bhiwandi,Titwala,19.1575,72.9689,580000.0,530000.0,530000.0,0.0,2023-11-11,2023-12-08,2023-12-22,2024-08-26,2024-09-30,Completed,100.0,AGY-XYZ-99,XYZ Infrastructure & Construction Private Ltd,5,2,True,DEMO/SYNTHETIC DATA
MPL-2024-BI-000050,REC-2023-7296,MP-LS-17-42,Hon'ble Member of Parliament (Patna Sahib),"High-Mast Solar Lighting Chowk at Sabbalpur, Block Sampatchak",Solar & Renewable Energy,High-Mast Solar Lighting Chowk,Bihar,Patna,Patna Sahib,Sampatchak,Sabbalpur,25.6486,85.2091,620000.0,620000.0,365000.0,255000.0,2023-03-23,2023-04-21,2023-05-02,2024-01-24,,Ongoing,55.0,AGY-XYZ-99,XYZ Infrastructure & Construction Private Ltd,4,2,False,DEMO/SYNTHETIC DATA
MPL-2024-RA-000051,REC-2023-7508,MP-LS-17-59,Hon'ble Member of Parliament (Jaipur Rural),"CC Road Construction at Bagru, Block Amer",Rural Roads & Bridges,CC Road Construction,Rajasthan,Jaipur,Jaipur Rural,Amer,Bagru,26.978,75.778,2650000.0,2600000.0,2600000.0,0.0,2023-03-07,2023-04-07,2023-04-28,2023-10-23,2023-11-17,Completed,100.0,AGY-WSS-05,Public Health Engineering & Water Supply Dept,4,4,True,DEMO/SYNTHETIC DATA
MPL-2024-KE-000052,REC-2023-3770,MP-LS-17-19,Hon'ble Member of Parliament (Ernakulam),"Rooftop Solar for Govt Hospital at Perumbavoor, Block Paravur",Solar & Renewable Energy,Rooftop Solar for Govt Hospital,Kerala,Ernakulam,Ernakulam,Paravur,Perumbavoor,9.9282,76.2817,1370000.0,1220000.0,1220000.0,0.0,2023-04-22,2023-06-16,2023-06-27,2024-04-13,2024-05-12,Completed,100.0,AGY-XYZ-99,XYZ Infrastructure & Construction Private Ltd,5,2,True,DEMO/SYNTHETIC DATA
MPL-2024-KA-000053,REC-2023-5317,MP-LS-17-71,Hon'ble Member of Parliament (Bangalore North),"Rooftop Solar for Govt Hospital at Doddaballapur Rd, Block Bengaluru North",Solar & Renewable Energy,Rooftop Solar for Govt Hospital,Karnataka,Bengaluru Urban,Bangalore North,Bengaluru North,Doddaballapur Rd,12.9652,77.5904,1320000.0,1320000.0,1320000.0,0.0,2023-09-08,2023-10-30,2023-11-14,2024-05-30,2024-06-10,Completed,100.0,AGY-ZP-03,Zila Parishad Rural Infrastructure Cell,4,4,True,DEMO/SYNTHETIC DATA
MPL-2024-UT-000054,REC-2023-9572,MP-LS-17-28,Hon'ble Member of Parliament (Varanasi),"Rooftop Solar for Govt Hospital at Rampur, Block Arajiline",Solar & Renewable Energy,Rooftop Solar for Govt Hospital,Uttar Pradesh,Varanasi,Varanasi,Arajiline,Rampur,25.2644,83.0175,1320000.0,1320000.0,352000.0,968000.0,2023-11-19,2024-01-09,2024-01-19,2024-10-02,,Ongoing,26.0,AGY-XYZ-99,XYZ Infrastructure & Construction Private Ltd,4,1,False,DEMO/SYNTHETIC DATA
MPL-2024-KE-000055,REC-2023-7496,MP-LS-17-78,Hon'ble Member of Parliament (Ernakulam),"Smart Digital Library Block at Kothamangalam, Block Vyttila",Education & Classrooms,Smart Digital Library Block,Kerala,Ernakulam,Ernakulam,Vyttila,Kothamangalam,9.9469,76.376,3290000.0,3190000.0,3190000.0,0.0,2023-11-08,2024-01-03,2024-01-23,2024-09-27,2024-09-13,Completed,100.0,AGY-DRDA-04,District Rural Development Agency (DRDA),4,4,True,DEMO/SYNTHETIC DATA
MPL-2024-AS-000056,REC-2023-5187,MP-LS-17-47,Hon'ble Member of Parliament (Gauhati),"High-Mast Solar Lighting Chowk at Dadara, Block Chaygaon",Solar & Renewable Energy,High-Mast Solar Lighting Chowk,Assam,Kamrup,Gauhati,Chaygaon,Dadara,26.1327,91.7243,860000.0,710000.0,710000.0,0.0,2023-02-02,2023-03-18,2023-03-29,2023-10-23,2023-11-23,Completed,100.0,AGY-DRDA-04,District Rural Development Agency (DRDA),4,4,True,DEMO/SYNTHETIC DATA
MPL-2024-AS-000057,REC-2023-6067,MP-LS-17-83,Hon'ble Member of Parliament (Gauhati),"RO Water Treatment Plant at Sualkuchi, Block Chaygaon",Drinking Water,RO Water Treatment Plant,Assam,Kamrup,Gauhati,Chaygaon,Sualkuchi,26.099,91.6663,2180000.0,2080000.0,2080000.0,0.0,2023-03-14,2023-04-13,2023-04-29,2023-10-03,2023-10-22,Completed,100.0,AGY-PWD-01,Public Works Department (PWD) Division I,5,2,True,DEMO/SYNTHETIC DATA
MPL-2024-AS-000058,REC-2023-5497,MP-LS-17-87,Hon'ble Member of Parliament (Gauhati),"Village Waste Segregation Shed at Boko, Block Rangia",Health & Sanitation,Village Waste Segregation Shed,Assam,Kamrup,Gauhati,Rangia,Boko,26.0961,91.6687,2880000.0,2880000.0,1770000.0,1110000.0,2023-03-27,2023-04-27,2023-05-24,2024-01-25,,Ongoing,58.0,AGY-XYZ-99,XYZ Infrastructure & Construction Private Ltd,2,2,False,DEMO/SYNTHETIC DATA
MPL-2024-RA-000059,REC-2023-6364,MP-LS-17-73,Hon'ble Member of Parliament (Jaipur Rural),"Village Waste Segregation Shed at Manoharpur, Block Kotputli",Health & Sanitation,Village Waste Segregation Shed,Rajasthan,Jaipur,Jaipur Rural,Kotputli,Manoharpur,26.8673,75.8198,1820000.0,1720000.0,924000.0,796000.0,2023-09-08,2023-10-31,2023-11-17,2024-08-31,,Ongoing,58.0,AGY-ZP-03,Zila Parishad Rural Infrastructure Cell,2,3,False,DEMO/SYNTHETIC DATA
MPL-2024-BI-000060,REC-2023-6608,MP-LS-17-87,Hon'ble Member of Parliament (Patna Sahib),"RO Water Treatment Plant at Sabbalpur, Block Bakhtiarpur",Drinking Water,RO Water Treatment Plant,Bihar,Patna,Patna Sahib,Bakhtiarpur,Sabbalpur,25.598,85.0752,1220000.0,1120000.0,1120000.0,0.0,2023-07-23,2023-08-18,2023-08-31,2024-06-07,2024-05-24,Completed,100.0,AGY-XYZ-99,XYZ Infrastructure & Construction Private Ltd,5,4,True,DEMO/SYNTHETIC DATA
MPL-2024-MA-000061,REC-2023-4904,MP-LS-17-51,Hon'ble Member of Parliament (Thane),"CC Road Construction at Khadavali, Block Shahapur",Rural Roads & Bridges,CC Road Construction,Maharashtra,Thane,Thane,Shahapur,Khadavali,19.2032,73.0144,1740000.0,1740000.0,1740000.0,0.0,2023-04-11,2023-05-24,2023-06-05,2024-01-30,2024-02-06,Completed,100.0,AGY-DRDA-04,District Rural Development Agency (DRDA),5,4,True,DEMO/SYNTHETIC DATA
MPL-2024-UT-000062,REC-2023-5371,MP-LS-17-22,Hon'ble Member of Parliament (Varanasi),"Smart Digital Library Block at Harahua, Block Kashi Vidyapeeth",Education & Classrooms,Smart Digital Library Block,Uttar Pradesh,Varanasi,Varanasi,Kashi Vidyapeeth,Harahua,25.2583,82.8959,2440000.0,2390000.0,2390000.0,0.0,2023-05-24,2023-06-13,2023-06-29,2024-02-15,2024-02-21,Completed,100.0,AGY-XYZ-99,XYZ Infrastructure & Construction Private Ltd,5,4,True,DEMO/SYNTHETIC DATA
MPL-2024-UT-000063,REC-2023-5087,MP-LS-17-15,Hon'ble Member of Parliament (Varanasi),"Deep Borewell & Solar Pump System at Rampur, Block Cholapur",Drinking Water,Deep Borewell & Solar Pump System,Uttar Pradesh,Varanasi,Varanasi,Cholapur,Rampur,25.2754,83.0074,2480000.0,2380000.0,2380000.0,0.0,2023-12-27,2024-02-08,2024-02-18,2024-09-10,2024-09-15,Completed,100.0,AGY-XYZ-99,XYZ Infrastructure & Construction Private Ltd,4,3,True,DEMO/SYNTHETIC DATA
MPL-2024-UT-000064,REC-2023-7163,MP-LS-17-29,Hon'ble Member of Parliament (Varanasi),"Community Public Toilet Complex at Tikari, Block Cholapur",Health & Sanitation,Community Public Toilet Complex,Uttar Pradesh,Varanasi,Varanasi,Cholapur,Tikari,25.3505,82.9992,2500000.0,2400000.0,1196000.0,1204000.0,2023-09-05,2023-10-02,2023-10-28,2024-03-09,,Ongoing,46.0,AGY-RWD-02,Rural Works Department (RWD) Engineering Wing,2,1,False,DEMO/SYNTHETIC DATA
MPL-2024-WE-000065,REC-2023-8473,MP-LS-17-61,Hon'ble Member of Parliament (Krishnanagar),"CC Road Construction at Debagram, Block Nabadwip",Rural Roads & Bridges,CC Road Construction,West Bengal,Nadia,Krishnanagar,Nabadwip,Debagram,23.422,88.4437,3400000.0,3400000.0,3400000.0,0.0,2023-02-15,2023-03-18,2023-03-30,2023-11-07,2023-12-04,Completed,100.0,AGY-WSS-05,Public Health Engineering & Water Supply Dept,5,2,True,DEMO/SYNTHETIC DATA
MPL-2024-KE-000066,REC-2023-2417,MP-LS-17-18,Hon'ble Member of Parliament (Ernakulam),"Piped Water Overhead Tank at Kothamangalam, Block Vyttila",Drinking Water,Piped Water Overhead Tank,Kerala,Ernakulam,Ernakulam,Vyttila,Kothamangalam,10.0249,76.3386,1990000.0,1940000.0,1940000.0,0.0,2023-06-18,2023-07-18,2023-08-04,2024-02-21,2024-03-12,Completed,100.0,AGY-ZP-03,Zila Parishad Rural Infrastructure Cell,5,3,True,DEMO/SYNTHETIC DATA
MPL-2024-KE-000067,REC-2023-4089,MP-LS-17-43,Hon'ble Member of Parliament (Ernakulam),"Smart Digital Library Block at Kalamassery, Block Angamaly",Education & Classrooms,Smart Digital Library Block,Kerala,Ernakulam,Ernakulam,Angamaly,Kalamassery,9.9207,76.3591,1810000.0,1660000.0,1660000.0,0.0,2023-12-17,2024-01-30,2024-02-27,2024-12-09,2024-12-24,Completed,100.0,AGY-RWD-02,Rural Works Department (RWD) Engineering Wing,5,3,True,DEMO/SYNTHETIC DATA
MPL-2024-BI-000068,REC-2023-5828,MP-LS-17-16,Hon'ble Member of Parliament (Patna Sahib),"High-Mast Solar Lighting Chowk at Jethuli, Block Danapur",Solar & Renewable Energy,High-Mast Solar Lighting Chowk,Bihar,Patna,Patna Sahib,Danapur,Jethuli,25.6408,85.0832,780000.0,680000.0,528000.0,152000.0,2023-07-25,2023-08-31,2023-09-13,2024-02-27,,Ongoing,83.0,AGY-XYZ-99,XYZ Infrastructure & Construction Private Ltd,2,2,False,DEMO/SYNTHETIC DATA
MPL-2024-WE-000069,REC-2023-8767,MP-LS-17-80,Hon'ble Member of Parliament (Krishnanagar),"Paver Block Road at Bethuadahari, Block Nabadwip",Rural Roads & Bridges,Paver Block Road,West Bengal,Nadia,Krishnanagar,Nabadwip,Bethuadahari,23.3337,88.4217,4240000.0,4190000.0,4190000.0,0.0,2023-10-24,2023-12-04,2023-12-29,2024-07-19,2024-07-29,Completed,100.0,AGY-PWD-01,Public Works Department (PWD) Division I,4,2,True,DEMO/SYNTHETIC DATA
MPL-2024-RA-000070,REC-2023-1891,MP-LS-17-84,Hon'ble Member of Parliament (Jaipur Rural),"Link Road Widening at Bagru, Block Shahpura",Rural Roads & Bridges,Link Road Widening,Rajasthan,Jaipur,Jaipur Rural,Shahpura,Bagru,26.9565,75.726,3090000.0,2940000.0,921000.0,2019000.0,2023-01-26,2023-02-25,2023-03-08,2023-10-30,,Ongoing,32.0,AGY-RWD-02,Rural Works Department (RWD) Engineering Wing,2,3,False,DEMO/SYNTHETIC DATA
MPL-2024-KA-000071,REC-2023-1882,MP-LS-17-12,Hon'ble Member of Parliament (Bangalore North),"RO Water Treatment Plant at Hesaraghatta, Block Bengaluru North",Drinking Water,RO Water Treatment Plant,Karnataka,Bengaluru Urban,Bangalore North,Bengaluru North,Hesaraghatta,12.8993,77.5683,1870000.0,1820000.0,0.0,1820000.0,2023-10-18,2023-11-28,2023-12-21,2024-07-14,,Sanctioned,0.0,AGY-ZP-03,Zila Parishad Rural Infrastructure Cell,2,0,False,DEMO/SYNTHETIC DATA
MPL-2024-KA-000072,REC-2023-6427,MP-LS-17-98,Hon'ble Member of Parliament (Bangalore North),"Primary Health Sub-Centre Building at Mandur, Block Anekal",Health & Sanitation,Primary Health Sub-Centre Building,Karnataka,Bengaluru Urban,Bangalore North,Anekal,Mandur,12.93,77.5749,2620000.0,2470000.0,2470000.0,0.0,2023-02-18,2023-03-21,2023-04-05,2023-09-28,2023-10-18,Completed,100.0,AGY-PWD-01,Public Works Department (PWD) Division I,4,4,True,DEMO/SYNTHETIC DATA
MPL-2024-RA-000073,REC-2023-5404,MP-LS-17-58,Hon'ble Member of Parliament (Jaipur Rural),"Senior Citizen Recreation Shed at Achrol, Block Chaksu",Community Infrastructure,Senior Citizen Recreation Shed,Rajasthan,Jaipur,Jaipur Rural,Chaksu,Achrol,26.9366,75.7958,1670000.0,1520000.0,1138000.0,382000.0,2023-12-27,2024-02-10,2024-02-27,2024-07-21,,Ongoing,76.0,AGY-PWD-01,Public Works Department (PWD) Division I,3,2,False,DEMO/SYNTHETIC DATA
MPL-2024-BI-000074,REC-2023-5611,MP-LS-17-62,Hon'ble Member of Parliament (Patna Sahib),"Paver Block Road at Ranipur, Block Fatuha",Rural Roads & Bridges,Paver Block Road,Bihar,Patna,Patna Sahib,Fatuha,Ranipur,25.6587,85.2095,1830000.0,1730000.0,1730000.0,0.0,2023-04-08,2023-05-29,2023-06-23,2024-03-11,2024-03-21,Completed,100.0,AGY-WSS-05,Public Health Engineering & Water Supply Dept,5,3,True,DEMO/SYNTHETIC DATA
MPL-2024-RA-000075,REC-2023-4699,MP-LS-17-74,Hon'ble Member of Parliament (Jaipur Rural),"School Science Laboratory at Achrol, Block Shahpura",Education & Classrooms,School Science Laboratory,Rajasthan,Jaipur,Jaipur Rural,Shahpura,Achrol,26.8722,75.787,1480000.0,1380000.0,598000.0,782000.0,2023-03-11,2023-05-05,2023-05-23,2023-12-08,,Ongoing,40.0,AGY-DRDA-04,District Rural Development Agency (DRDA),2,1,False,DEMO/SYNTHETIC DATA
MPL-2024-BI-000076,REC-2023-1507,MP-LS-17-65,Hon'ble Member of Parliament (Patna Sahib),"School Science Laboratory at Baikatpur, Block Sampatchak",Education & Classrooms,School Science Laboratory,Bihar,Patna,Patna Sahib,Sampatchak,Baikatpur,25.6186,85.0606,1970000.0,1920000.0,737000.0,1183000.0,2023-07-07,2023-09-04,2023-09-21,2024-02-26,,Ongoing,38.0,AGY-PWD-01,Public Works Department (PWD) Division I,2,3,False,DEMO/SYNTHETIC DATA
MPL-2024-BI-000077,REC-2023-8922,MP-LS-17-60,Hon'ble Member of Parliament (Patna Sahib),"Link Road Widening at Baikatpur, Block Danapur",Rural Roads & Bridges,Link Road Widening,Bihar,Patna,Patna Sahib,Danapur,Baikatpur,25.642,85.2084,4030000.0,4030000.0,4030000.0,0.0,2023-03-08,2023-04-17,2023-05-10,2023-10-07,2023-10-29,Completed,100.0,AGY-XYZ-99,XYZ Infrastructure & Construction Private Ltd,4,2,True,DEMO/SYNTHETIC DATA
MPL-2024-WE-000078,REC-2023-3968,MP-LS-17-74,Hon'ble Member of Parliament (Krishnanagar),"High-Mast Solar Lighting Chowk at Debagram, Block Nabadwip",Solar & Renewable Energy,High-Mast Solar Lighting Chowk,West Bengal,Nadia,Krishnanagar,Nabadwip,Debagram,23.357,88.5011,1850000.0,1800000.0,1800000.0,0.0,2023-03-06,2023-04-25,2023-05-22,2023-11-14,2023-11-05,Completed,100.0,AGY-XYZ-99,XYZ Infrastructure & Construction Private Ltd,5,3,True,DEMO/SYNTHETIC DATA
MPL-2024-RA-000079,REC-2023-6730,MP-LS-17-73,Hon'ble Member of Parliament (Jaipur Rural),"Hand Pump Installation Cluster at Kukas, Block Shahpura",Drinking Water,Hand Pump Installation Cluster,Rajasthan,Jaipur,Jaipur Rural,Shahpura,Kukas,26.9609,75.8494,2580000.0,2430000.0,2430000.0,0.0,2023-12-24,2024-01-29,2024-02-23,2024-08-10,2024-09-13,Completed,100.0,AGY-WSS-05,Public Health Engineering & Water Supply Dept,5,2,True,DEMO/SYNTHETIC DATA
MPL-2024-UT-000080,REC-2023-2622,MP-LS-17-71,Hon'ble Member of Parliament (Varanasi),"Smart Digital Library Block at Rampur, Block Arajiline",Education & Classrooms,Smart Digital Library Block,Uttar Pradesh,Varanasi,Varanasi,Arajiline,Rampur,25.3156,83.024,1990000.0,1940000.0,1940000.0,0.0,2023-01-11,2023-02-07,2023-03-08,2023-07-31,2023-07-24,Completed,100.0,AGY-XYZ-99,XYZ Infrastructure & Construction Private Ltd,5,3,True,DEMO/SYNTHETIC DATA
MPL-2024-KA-000081,REC-2023-5278,MP-LS-17-19,Hon'ble Member of Parliament (Bangalore North),"Health Diagnostic Equipment at Mandur, Block Bengaluru North",Health & Sanitation,Health Diagnostic Equipment,Karnataka,Bengaluru Urban,Bangalore North,Bengaluru North,Mandur,12.9956,77.649,1900000.0,1900000.0,1900000.0,0.0,2023-06-08,2023-07-28,2023-08-26,2023-12-25,2023-12-20,Completed,100.0,AGY-DRDA-04,District Rural Development Agency (DRDA),4,3,True,DEMO/SYNTHETIC DATA
MPL-2024-AS-000082,REC-2023-3286,MP-LS-17-54,Hon'ble Member of Parliament (Gauhati),"Link Road Widening at Dadara, Block Kamalpur",Rural Roads & Bridges,Link Road Widening,Assam,Kamrup,Gauhati,Kamalpur,Dadara,26.1065,91.6695,1680000.0,1630000.0,1132000.0,498000.0,2023-04-23,2023-06-07,2023-07-04,2024-03-22,,Ongoing,76.0,AGY-ZP-03,Zila Parishad Rural Infrastructure Cell,4,1,False,DEMO/SYNTHETIC DATA
MPL-2024-RA-000083,REC-2023-7674,MP-LS-17-96,Hon'ble Member of Parliament (Jaipur Rural),"Culvert & Drainage Bridge at Kukas, Block Chaksu",Rural Roads & Bridges,Culvert & Drainage Bridge,Rajasthan,Jaipur,Jaipur Rural,Chaksu,Kukas,26.9823,75.7579,2810000.0,2760000.0,1375000.0,1385000.0,2023-08-24,2023-10-13,2023-11-03,2024-08-02,,Ongoing,50.0,AGY-ZP-03,Zila Parishad Rural Infrastructure Cell,3,1,False,DEMO/SYNTHETIC DATA
MPL-2024-KA-000084,REC-2023-7935,MP-LS-17-73,Hon'ble Member of Parliament (Bangalore North),"Village Waste Segregation Shed at Attibele, Block Yelahanka",Health & Sanitation,Village Waste Segregation Shed,Karnataka,Bengaluru Urban,Bangalore North,Yelahanka,Attibele,12.9026,77.6319,1620000.0,1620000.0,0.0,1620000.0,2023-08-06,2023-09-21,2023-10-05,2024-07-04,,Sanctioned,0.0,AGY-XYZ-99,XYZ Infrastructure & Construction Private Ltd,2,0,False,DEMO/SYNTHETIC DATA
MPL-2024-KA-000085,REC-2023-8742,MP-LS-17-15,Hon'ble Member of Parliament (Bangalore North),"Rooftop Solar for Govt Hospital at Hesaraghatta, Block Yelahanka",Solar & Renewable Energy,Rooftop Solar for Govt Hospital,Karnataka,Bengaluru Urban,Bangalore North,Yelahanka,Hesaraghatta,12.994,77.5936,460000.0,410000.0,149000.0,261000.0,2023-01-21,2023-03-20,2023-04-02,2023-09-26,,Ongoing,40.0,AGY-XYZ-99,XYZ Infrastructure & Construction Private Ltd,3,2,False,DEMO/SYNTHETIC DATA
MPL-2024-KE-000086,REC-2023-1112,MP-LS-17-59,Hon'ble Member of Parliament (Ernakulam),"Culvert & Drainage Bridge at Kalamassery, Block Aluva",Rural Roads & Bridges,Culvert & Drainage Bridge,Kerala,Ernakulam,Ernakulam,Aluva,Kalamassery,9.9507,76.3576,2750000.0,2650000.0,927000.0,1723000.0,2023-07-28,2023-09-19,2023-10-09,2024-07-28,,Ongoing,38.0,AGY-DRDA-04,District Rural Development Agency (DRDA),4,2,False,DEMO/SYNTHETIC DATA
MPL-2024-BI-000087,REC-2023-3338,MP-LS-17-55,Hon'ble Member of Parliament (Patna Sahib),"High-Mast Solar Lighting Chowk at Sabbalpur, Block Bakhtiarpur",Solar & Renewable Energy,High-Mast Solar Lighting Chowk,Bihar,Patna,Patna Sahib,Bakhtiarpur,Sabbalpur,25.6356,85.0589,570000.0,420000.0,111000.0,309000.0,2023-12-24,2024-02-05,2024-02-27,2024-07-25,,Ongoing,26.0,AGY-WSS-05,Public Health Engineering & Water Supply Dept,3,2,False,DEMO/SYNTHETIC DATA
MPL-2024-MA-000088,REC-2023-9284,MP-LS-17-56,Hon'ble Member of Parliament (Thane),"School Science Laboratory at Khadavali, Block Ambernath",Education & Classrooms,School Science Laboratory,Maharashtra,Thane,Thane,Ambernath,Khadavali,19.2443,73.0065,3010000.0,2860000.0,1477000.0,1383000.0,2023-03-05,2023-03-25,2023-04-12,2024-01-06,,Ongoing,49.0,AGY-PWD-01,Public Works Department (PWD) Division I,2,3,False,DEMO/SYNTHETIC DATA
MPL-2024-KE-000089,REC-2023-1675,MP-LS-17-68,Hon'ble Member of Parliament (Ernakulam),"RO Water Treatment Plant at Edappally, Block Aluva",Drinking Water,RO Water Treatment Plant,Kerala,Ernakulam,Ernakulam,Aluva,Edappally,10.0529,76.3658,1840000.0,1740000.0,655000.0,1085000.0,2023-03-26,2023-04-16,2023-04-28,2023-12-14,,Ongoing,35.0,AGY-DRDA-04,District Rural Development Agency (DRDA),4,2,False,DEMO/SYNTHETIC DATA
MPL-2024-BI-000090,REC-2023-7322,MP-LS-17-28,Hon'ble Member of Parliament (Patna Sahib),"Solar Street Light Grid (50 poles) at Jethuli, Block Phulwari Sharif",Solar & Renewable Energy,Solar Street Light Grid (50 poles),Bihar,Patna,Patna Sahib,Phulwari Sharif,Jethuli,25.6294,85.1298,1420000.0,1370000.0,1370000.0,0.0,2023-04-27,2023-05-26,2023-06-19,2023-12-28,2024-01-05,Completed,100.0,AGY-XYZ-99,XYZ Infrastructure & Construction Private Ltd,4,2,True,DEMO/SYNTHETIC DATA
MPL-2024-BI-000091,REC-2023-1124,MP-LS-17-89,Hon'ble Member of Parliament (Patna Sahib),"Paver Block Road at Gauri Chak, Block Fatuha",Rural Roads & Bridges,Paver Block Road,Bihar,Patna,Patna Sahib,Fatuha,Gauri Chak,25.5722,85.1758,1850000.0,1800000.0,1800000.0,0.0,2023-03-19,2023-05-11,2023-05-21,2023-12-22,2024-01-17,Completed,100.0,AGY-XYZ-99,XYZ Infrastructure & Construction Private Ltd,5,3,True,DEMO/SYNTHETIC DATA
MPL-2024-MA-000092,REC-2023-7953,MP-LS-17-24,Hon'ble Member of Parliament (Thane),"Smart Digital Library Block at Titwala, Block Shahapur",Education & Classrooms,Smart Digital Library Block,Maharashtra,Thane,Thane,Shahapur,Titwala,19.167,72.9731,2620000.0,2470000.0,0.0,2470000.0,2023-10-01,2023-11-03,2023-11-28,2024-08-19,,Sanctioned,0.0,AGY-WSS-05,Public Health Engineering & Water Supply Dept,2,0,False,DEMO/SYNTHETIC DATA
MPL-2024-RA-000093,REC-2023-8335,MP-LS-17-29,Hon'ble Member of Parliament (Jaipur Rural),"Community Public Toilet Complex at Manoharpur, Block Sanganer",Health & Sanitation,Community Public Toilet Complex,Rajasthan,Jaipur,Jaipur Rural,Sanganer,Manoharpur,26.9178,75.8351,830000.0,730000.0,416000.0,314000.0,2023-04-07,2023-05-26,2023-06-13,2024-03-22,,Ongoing,61.0,AGY-ZP-03,Zila Parishad Rural Infrastructure Cell,2,3,False,DEMO/SYNTHETIC DATA
MPL-2024-KE-000094,REC-2023-9619,MP-LS-17-89,Hon'ble Member of Parliament (Ernakulam),"Solar Street Light Grid (50 poles) at Perumbavoor, Block Angamaly",Solar & Renewable Energy,Solar Street Light Grid (50 poles),Kerala,Ernakulam,Ernakulam,Angamaly,Perumbavoor,9.9205,76.3084,1570000.0,1420000.0,1420000.0,0.0,2023-07-04,2023-07-27,2023-08-09,2024-05-12,2024-04-30,Completed,100.0,AGY-PWD-01,Public Works Department (PWD) Division I,4,4,True,DEMO/SYNTHETIC DATA
MPL-2024-WE-000095,REC-2023-2584,MP-LS-17-60,Hon'ble Member of Parliament (Krishnanagar),"Health Diagnostic Equipment at Dhubulia, Block Chapra",Health & Sanitation,Health Diagnostic Equipment,West Bengal,Nadia,Krishnanagar,Chapra,Dhubulia,23.4143,88.4963,2730000.0,2580000.0,1252000.0,1328000.0,2023-07-22,2023-08-30,2023-09-10,2024-06-13,,Ongoing,46.0,AGY-ZP-03,Zila Parishad Rural Infrastructure Cell,4,1,False,DEMO/SYNTHETIC DATA
MPL-2024-MA-000096,REC-2023-1129,MP-LS-17-87,Hon'ble Member of Parliament (Thane),"Culvert & Drainage Bridge at Tokawade, Block Bhiwandi",Rural Roads & Bridges,Culvert & Drainage Bridge,Maharashtra,Thane,Thane,Bhiwandi,Tokawade,19.2002,72.9398,2080000.0,1930000.0,1417000.0,513000.0,2023-06-01,2023-07-21,2023-08-11,2024-03-26,,Ongoing,75.0,AGY-PWD-01,Public Works Department (PWD) Division I,2,2,False,DEMO/SYNTHETIC DATA
MPL-2024-BI-000097,REC-2023-4475,MP-LS-17-17,Hon'ble Member of Parliament (Patna Sahib),"Smart Digital Library Block at Baikatpur, Block Danapur",Education & Classrooms,Smart Digital Library Block,Bihar,Patna,Patna Sahib,Danapur,Baikatpur,25.639,85.1777,2300000.0,2200000.0,0.0,2200000.0,2023-07-11,2023-08-05,2023-08-27,2024-01-23,,Sanctioned,0.0,AGY-XYZ-99,XYZ Infrastructure & Construction Private Ltd,2,0,False,DEMO/SYNTHETIC DATA
MPL-2024-WE-000098,REC-2023-2940,MP-LS-17-69,Hon'ble Member of Parliament (Krishnanagar),"Hand Pump Installation Cluster at Bethuadahari, Block Nakashipara",Drinking Water,Hand Pump Installation Cluster,West Bengal,Nadia,Krishnanagar,Nakashipara,Bethuadahari,23.3251,88.4884,960000.0,810000.0,744000.0,66000.0,2023-12-05,2023-12-27,2024-01-21,2024-05-31,,Ongoing,84.0,AGY-ZP-03,Zila Parishad Rural Infrastructure Cell,3,2,False,DEMO/SYNTHETIC DATA
MPL-2024-KE-000099,REC-2023-8417,MP-LS-17-16,Hon'ble Member of Parliament (Ernakulam),"Additional Classroom Building at Kalamassery, Block Paravur",Education & Classrooms,Additional Classroom Building,Kerala,Ernakulam,Ernakulam,Paravur,Kalamassery,10.0053,76.3433,2510000.0,2410000.0,2410000.0,0.0,2023-04-18,2023-06-08,2023-06-27,2024-03-02,2024-03-23,Completed,100.0,AGY-WSS-05,Public Health Engineering & Water Supply Dept,5,3,True,DEMO/SYNTHETIC DATA
MPL-2024-AS-000100,REC-2023-7495,MP-LS-17-69,Hon'ble Member of Parliament (Gauhati),"Village Waste Segregation Shed at Boko, Block Rangia",Health & Sanitation,Village Waste Segregation Shed,Assam,Kamrup,Gauhati,Rangia,Boko,26.0729,91.8098,920000.0,870000.0,0.0,870000.0,2023-08-15,2023-10-14,2023-10-26,2024-05-26,,Sanctioned,0.0,AGY-WSS-05,Public Health Engineering & Water Supply Dept,2,0,False,DEMO/SYNTHETIC DATA
MPL-2024-BI-000101,REC-2023-2631,MP-LS-17-19,Hon'ble Member of Parliament (Patna Sahib),"Solar Street Light Grid (50 poles) at Sabbalpur, Block Bakhtiarpur",Solar & Renewable Energy,Solar Street Light Grid (50 poles),Bihar,Patna,Patna Sahib,Bakhtiarpur,Sabbalpur,25.5337,85.0756,1880000.0,1730000.0,1043000.0,687000.0,2023-08-17,2023-10-11,2023-11-02,2024-04-08,,Ongoing,65.0,AGY-XYZ-99,XYZ Infrastructure & Construction Private Ltd,3,3,False,DEMO/SYNTHETIC DATA
MPL-2024-AS-000102,REC-2023-8232,MP-LS-17-28,Hon'ble Member of Parliament (Gauhati),"Community Public Toilet Complex at Puthimari, Block Hajo",Health & Sanitation,Community Public Toilet Complex,Assam,Kamrup,Gauhati,Hajo,Puthimari,26.1988,91.7449,1650000.0,1600000.0,1600000.0,0.0,2023-06-13,2023-07-25,2023-08-07,2024-04-23,2024-05-22,Completed,100.0,AGY-PWD-01,Public Works Department (PWD) Division I,4,4,True,DEMO/SYNTHETIC DATA
MPL-2024-KA-000103,REC-2023-2962,MP-LS-17-18,Hon'ble Member of Parliament (Bangalore North),"High-Mast Solar Lighting Chowk at Attibele, Block Anekal",Solar & Renewable Energy,High-Mast Solar Lighting Chowk,Karnataka,Bengaluru Urban,Bangalore North,Anekal,Attibele,12.9519,77.5187,1210000.0,1210000.0,1210000.0,0.0,2023-01-11,2023-02-27,2023-03-11,2024-01-04,2024-02-08,Completed,100.0,AGY-RWD-02,Rural Works Department (RWD) Engineering Wing,5,4,True,DEMO/SYNTHETIC DATA
MPL-2024-KE-000104,REC-2023-8591,MP-LS-17-84,Hon'ble Member of Parliament (Ernakulam),"Health Diagnostic Equipment at Kothamangalam, Block Paravur",Health & Sanitation,Health Diagnostic Equipment,Kerala,Ernakulam,Ernakulam,Paravur,Kothamangalam,10.0514,76.2334,1930000.0,1780000.0,1351000.0,429000.0,2023-11-15,2023-12-20,2024-01-15,2024-05-26,,Ongoing,82.0,AGY-WSS-05,Public Health Engineering & Water Supply Dept,3,3,False,DEMO/SYNTHETIC DATA
MPL-2024-MA-000105,REC-2023-3786,MP-LS-17-75,Hon'ble Member of Parliament (Thane),"Smart Digital Library Block at Vashind, Block Murbad",Education & Classrooms,Smart Digital Library Block,Maharashtra,Thane,Thane,Murbad,Vashind,19.1985,73.0515,2170000.0,2120000.0,2120000.0,0.0,2023-07-19,2023-08-11,2023-08-21,2023-12-23,2023-12-19,Completed,100.0,AGY-DRDA-04,District Rural Development Agency (DRDA),5,2,True,DEMO/SYNTHETIC DATA
MPL-2024-BI-000106,REC-2023-2908,MP-LS-17-16,Hon'ble Member of Parliament (Patna Sahib),"Solar Street Light Grid (50 poles) at Jethuli, Block Fatuha",Solar & Renewable Energy,Solar Street Light Grid (50 poles),Bihar,Patna,Patna Sahib,Fatuha,Jethuli,25.5664,85.0826,1580000.0,1430000.0,521000.0,909000.0,2023-04-26,2023-06-12,2023-07-04,2023-12-17,,Ongoing,39.0,AGY-ZP-03,Zila Parishad Rural Infrastructure Cell,4,1,False,DEMO/SYNTHETIC DATA
MPL-2024-RA-000107,REC-2023-7140,MP-LS-17-65,Hon'ble Member of Parliament (Jaipur Rural),"Public Bus Passenger Shelter at Manoharpur, Block Sanganer",Community Infrastructure,Public Bus Passenger Shelter,Rajasthan,Jaipur,Jaipur Rural,Sanganer,Manoharpur,26.8977,75.7384,1090000.0,1040000.0,462000.0,578000.0,2023-12-10,2024-01-28,2024-02-11,2024-06-29,,Ongoing,48.0,AGY-XYZ-99,XYZ Infrastructure & Construction Private Ltd,4,2,False,DEMO/SYNTHETIC DATA
MPL-2024-AS-000108,REC-2023-2541,MP-LS-17-93,Hon'ble Member of Parliament (Gauhati),"Piped Water Overhead Tank at Mirza, Block Chaygaon",Drinking Water,Piped Water Overhead Tank,Assam,Kamrup,Gauhati,Chaygaon,Mirza,26.2081,91.7964,2330000.0,2180000.0,2180000.0,0.0,2023-01-17,2023-02-18,2023-03-17,2023-11-12,2023-10-30,Completed,100.0,AGY-PWD-01,Public Works Department (PWD) Division I,4,4,True,DEMO/SYNTHETIC DATA
MPL-2024-AS-000109,REC-2023-7734,MP-LS-17-53,Hon'ble Member of Parliament (Gauhati),"Health Diagnostic Equipment at Puthimari, Block Hajo",Health & Sanitation,Health Diagnostic Equipment,Assam,Kamrup,Gauhati,Hajo,Puthimari,26.0929,91.6642,2690000.0,2690000.0,1687000.0,1003000.0,2023-09-08,2023-10-14,2023-10-31,2024-04-22,,Ongoing,58.0,AGY-DRDA-04,District Rural Development Agency (DRDA),2,1,False,DEMO/SYNTHETIC DATA
MPL-2024-KA-000110,REC-2023-9941,MP-LS-17-65,Hon'ble Member of Parliament (Bangalore North),"Additional Classroom Building at Hesaraghatta, Block Bengaluru North",Education & Classrooms,Additional Classroom Building,Karnataka,Bengaluru Urban,Bangalore North,Bengaluru North,Hesaraghatta,12.8917,77.6405,3250000.0,3100000.0,3100000.0,0.0,2023-04-09,2023-05-16,2023-06-09,2024-03-26,2024-04-15,Completed,100.0,AGY-WSS-05,Public Health Engineering & Water Supply Dept,4,4,True,DEMO/SYNTHETIC DATA
MPL-2024-KE-000111,REC-2023-2654,MP-LS-17-42,Hon'ble Member of Parliament (Ernakulam),"CC Road Construction at Kalamassery, Block Muvattupuzha",Rural Roads & Bridges,CC Road Construction,Kerala,Ernakulam,Ernakulam,Muvattupuzha,Kalamassery,10.047,76.3119,3760000.0,3660000.0,2477000.0,1183000.0,2023-04-25,2023-05-28,2023-06-20,2023-11-17,,Ongoing,63.0,AGY-XYZ-99,XYZ Infrastructure & Construction Private Ltd,4,3,False,DEMO/SYNTHETIC DATA
MPL-2024-KA-000112,REC-2023-1573,MP-LS-17-63,Hon'ble Member of Parliament (Bangalore North),"Primary Health Sub-Centre Building at Hesaraghatta, Block Anekal",Health & Sanitation,Primary Health Sub-Centre Building,Karnataka,Bengaluru Urban,Bangalore North,Anekal,Hesaraghatta,12.9855,77.5431,890000.0,790000.0,163000.0,627000.0,2023-06-15,2023-07-25,2023-08-18,2023-12-23,,Ongoing,21.0,AGY-DRDA-04,District Rural Development Agency (DRDA),2,2,False,DEMO/SYNTHETIC DATA
MPL-2024-AS-000113,REC-2023-4482,MP-LS-17-32,Hon'ble Member of Parliament (Gauhati),"School Boundary Wall & Sanitation at Sualkuchi, Block Bezera",Education & Classrooms,School Boundary Wall & Sanitation,Assam,Kamrup,Gauhati,Bezera,Sualkuchi,26.1422,91.7651,2090000.0,1990000.0,777000.0,1213000.0,2023-07-08,2023-08-17,2023-08-30,2024-04-20,,Ongoing,37.0,AGY-RWD-02,Rural Works Department (RWD) Engineering Wing,3,3,False,DEMO/SYNTHETIC DATA
MPL-2024-RA-000114,REC-2023-5159,MP-LS-17-97,Hon'ble Member of Parliament (Jaipur Rural),"Public Bus Passenger Shelter at Bagru, Block Shahpura",Community Infrastructure,Public Bus Passenger Shelter,Rajasthan,Jaipur,Jaipur Rural,Shahpura,Bagru,26.8781,75.8187,2730000.0,2680000.0,594000.0,2086000.0,2023-04-15,2023-05-31,2023-06-28,2024-04-19,,Ongoing,24.0,AGY-WSS-05,Public Health Engineering & Water Supply Dept,2,2,False,DEMO/SYNTHETIC DATA
MPL-2024-KE-000115,REC-2023-7535,MP-LS-17-45,Hon'ble Member of Parliament (Ernakulam),"Culvert & Drainage Bridge at Kothamangalam, Block Paravur",Rural Roads & Bridges,Culvert & Drainage Bridge,Kerala,Ernakulam,Ernakulam,Paravur,Kothamangalam,9.9793,76.2885,1960000.0,1810000.0,0.0,1810000.0,2023-08-24,2023-10-17,2023-11-14,2024-06-17,,Sanctioned,0.0,AGY-WSS-05,Public Health Engineering & Water Supply Dept,2,0,False,DEMO/SYNTHETIC DATA
MPL-2024-WE-000116,REC-2023-6764,MP-LS-17-45,Hon'ble Member of Parliament (Krishnanagar),"Rooftop Solar for Govt Hospital at Dhubulia, Block Nakashipara",Solar & Renewable Energy,Rooftop Solar for Govt Hospital,West Bengal,Nadia,Krishnanagar,Nakashipara,Dhubulia,23.4186,88.5581,660000.0,510000.0,0.0,510000.0,2023-08-11,2023-09-26,2023-10-09,2024-06-08,,Sanctioned,0.0,AGY-PWD-01,Public Works Department (PWD) Division I,2,0,False,DEMO/SYNTHETIC DATA
MPL-2024-BI-000117,REC-2023-9206,MP-LS-17-79,Hon'ble Member of Parliament (Patna Sahib),"Additional Classroom Building at Sabbalpur, Block Fatuha",Education & Classrooms,Additional Classroom Building,Bihar,Patna,Patna Sahib,Fatuha,Sabbalpur,25.6116,85.2173,1300000.0,1250000.0,1250000.0,0.0,2023-04-21,2023-06-10,2023-06-28,2024-03-06,2024-03-08,Completed,100.0,AGY-XYZ-99,XYZ Infrastructure & Construction Private Ltd,5,4,True,DEMO/SYNTHETIC DATA
MPL-2024-KE-000118,REC-2023-2483,MP-LS-17-56,Hon'ble Member of Parliament (Ernakulam),"Village Waste Segregation Shed at Kalamassery, Block Muvattupuzha",Health & Sanitation,Village Waste Segregation Shed,Kerala,Ernakulam,Ernakulam,Muvattupuzha,Kalamassery,9.9786,76.2498,2040000.0,2040000.0,1239000.0,801000.0,2023-12-28,2024-02-17,2024-03-01,2024-11-11,,Ongoing,59.0,AGY-RWD-02,Rural Works Department (RWD) Engineering Wing,2,3,False,DEMO/SYNTHETIC DATA
MPL-2024-MA-000119,REC-2023-1125,MP-LS-17-29,Hon'ble Member of Parliament (Thane),"Smart Digital Library Block at Saralgaon, Block Shahapur",Education & Classrooms,Smart Digital Library Block,Maharashtra,Thane,Thane,Shahapur,Saralgaon,19.1483,72.9302,3210000.0,3060000.0,3060000.0,0.0,2023-03-07,2023-04-26,2023-05-24,2023-09-21,2023-09-28,Completed,100.0,AGY-PWD-01,Public Works Department (PWD) Division I,5,4,True,DEMO/SYNTHETIC DATA
MPL-2024-WE-000120,REC-2023-1181,MP-LS-17-80,Hon'ble Member of Parliament (Krishnanagar),"Additional Classroom Building at Dhubulia, Block Krishnanagar-I",Education & Classrooms,Additional Classroom Building,West Bengal,Nadia,Krishnanagar,Krishnanagar-I,Dhubulia,23.356,88.4883,2870000.0,2770000.0,1973000.0,797000.0,2023-01-08,2023-02-11,2023-03-06,2023-10-08,,Ongoing,74.0,AGY-XYZ-99,XYZ Infrastructure & Construction Private Ltd,4,1,False,DEMO/SYNTHETIC DATA
MPL-2024-RA-000121,REC-2023-1629,MP-LS-17-61,Hon'ble Member of Parliament (Jaipur Rural),"Paver Block Road at Bagru, Block Sanganer",Rural Roads & Bridges,Paver Block Road,Rajasthan,Jaipur,Jaipur Rural,Sanganer,Bagru,26.872,75.7986,4180000.0,4130000.0,4130000.0,0.0,2023-03-06,2023-04-06,2023-04-30,2023-09-30,2023-09-25,Completed,100.0,AGY-XYZ-99,XYZ Infrastructure & Construction Private Ltd,4,4,True,DEMO/SYNTHETIC DATA
MPL-2024-AS-000122,REC-2023-7267,MP-LS-17-65,Hon'ble Member of Parliament (Gauhati),"School Science Laboratory at Puthimari, Block Rangia",Education & Classrooms,School Science Laboratory,Assam,Kamrup,Gauhati,Rangia,Puthimari,26.1103,91.6716,2430000.0,2330000.0,585000.0,1745000.0,2023-09-09,2023-11-07,2023-11-28,2024-08-22,,Ongoing,25.0,AGY-PWD-01,Public Works Department (PWD) Division I,2,2,False,DEMO/SYNTHETIC DATA
MPL-2024-UT-000123,REC-2023-7051,MP-LS-17-16,Hon'ble Member of Parliament (Varanasi),"Culvert & Drainage Bridge at Harahua, Block Cholapur",Rural Roads & Bridges,Culvert & Drainage Bridge,Uttar Pradesh,Varanasi,Varanasi,Cholapur,Harahua,25.2799,82.9929,4310000.0,4160000.0,4160000.0,0.0,2023-08-27,2023-10-01,2023-10-27,2024-03-31,2024-04-06,Completed,100.0,AGY-XYZ-99,XYZ Infrastructure & Construction Private Ltd,5,4,True,DEMO/SYNTHETIC DATA
MPL-2024-MA-000124,REC-2023-1096,MP-LS-17-55,Hon'ble Member of Parliament (Thane),"Village Waste Segregation Shed at Padgha, Block Murbad",Health & Sanitation,Village Waste Segregation Shed,Maharashtra,Thane,Thane,Murbad,Padgha,19.2013,72.9416,2270000.0,2270000.0,1767000.0,503000.0,2023-08-16,2023-09-26,2023-10-24,2024-08-07,,Ongoing,85.0,AGY-WSS-05,Public Health Engineering & Water Supply Dept,4,3,False,DEMO/SYNTHETIC DATA
MPL-2024-UT-000125,REC-2023-9760,MP-LS-17-88,Hon'ble Member of Parliament (Varanasi),"Panchayat Community Hall at Badagaon, Block Pindra",Community Infrastructure,Panchayat Community Hall,Uttar Pradesh,Varanasi,Varanasi,Pindra,Badagaon,25.2715,83.0377,2490000.0,2340000.0,2340000.0,0.0,2023-12-25,2024-02-10,2024-03-11,2024-07-21,2024-07-08,Completed,100.0,AGY-XYZ-99,XYZ Infrastructure & Construction Private Ltd,5,4,True,DEMO/SYNTHETIC DATA
MPL-2024-RA-000126,REC-2023-8785,MP-LS-17-94,Hon'ble Member of Parliament (Jaipur Rural),"High-Mast Solar Lighting Chowk at Nayla, Block Amer",Solar & Renewable Energy,High-Mast Solar Lighting Chowk,Rajasthan,Jaipur,Jaipur Rural,Amer,Nayla,26.9539,75.8236,1460000.0,1310000.0,1310000.0,0.0,2023-11-15,2023-12-20,2024-01-06,2024-07-04,2024-07-04,Completed,100.0,AGY-PWD-01,Public Works Department (PWD) Division I,5,2,True,DEMO/SYNTHETIC DATA
MPL-2024-BI-000127,REC-2023-1155,MP-LS-17-16,Hon'ble Member of Parliament (Patna Sahib),"Community Public Toilet Complex at Gauri Chak, Block Fatuha",Health & Sanitation,Community Public Toilet Complex,Bihar,Patna,Patna Sahib,Fatuha,Gauri Chak,25.5288,85.118,2010000.0,1960000.0,1960000.0,0.0,2023-08-08,2023-10-03,2023-10-23,2024-05-28,2024-06-12,Completed,100.0,AGY-DRDA-04,District Rural Development Agency (DRDA),5,4,True,DEMO/SYNTHETIC DATA
MPL-2024-BI-000128,REC-2023-4445,MP-LS-17-47,Hon'ble Member of Parliament (Patna Sahib),"School Boundary Wall & Sanitation at Gauri Chak, Block Danapur",Education & Classrooms,School Boundary Wall & Sanitation,Bihar,Patna,Patna Sahib,Danapur,Gauri Chak,25.6495,85.2074,2760000.0,2710000.0,2429000.0,281000.0,2023-10-13,2023-11-15,2023-12-04,2024-05-16,,Ongoing,84.0,AGY-XYZ-99,XYZ Infrastructure & Construction Private Ltd,4,3,False,DEMO/SYNTHETIC DATA
MPL-2024-MA-000129,REC-2023-1323,MP-LS-17-74,Hon'ble Member of Parliament (Thane),"Link Road Widening at Vashind, Block Kalyan",Rural Roads & Bridges,Link Road Widening,Maharashtra,Thane,Thane,Kalyan,Vashind,19.2652,72.943,3730000.0,3630000.0,944000.0,2686000.0,2023-01-02,2023-02-28,2023-03-15,2023-10-24,,Ongoing,28.0,AGY-XYZ-99,XYZ Infrastructure & Construction Private Ltd,4,1,False,DEMO/SYNTHETIC DATA
MPL-2024-AS-000130,REC-2023-6432,MP-LS-17-81,Hon'ble Member of Parliament (Gauhati),"Public Bus Passenger Shelter at Puthimari, Block Chaygaon",Community Infrastructure,Public Bus Passenger Shelter,Assam,Kamrup,Gauhati,Chaygaon,Puthimari,26.15,91.6947,3070000.0,3020000.0,3020000.0,0.0,2023-04-07,2023-05-01,2023-05-22,2024-02-02,2024-01-27,Completed,100.0,AGY-ZP-03,Zila Parishad Rural Infrastructure Cell,4,2,True,DEMO/SYNTHETIC DATA
MPL-2024-KE-000131,REC-2023-4222,MP-LS-17-65,Hon'ble Member of Parliament (Ernakulam),"School Boundary Wall & Sanitation at Kothamangalam, Block Muvattupuzha",Education & Classrooms,School Boundary Wall & Sanitation,Kerala,Ernakulam,Ernakulam,Muvattupuzha,Kothamangalam,9.994,76.2953,1610000.0,1610000.0,354000.0,1256000.0,2023-03-24,2023-04-24,2023-05-12,2023-12-24,,Ongoing,24.0,AGY-WSS-05,Public Health Engineering & Water Supply Dept,4,1,False,DEMO/SYNTHETIC DATA
MPL-2024-RA-000132,REC-2023-3918,MP-LS-17-12,Hon'ble Member of Parliament (Jaipur Rural),"CC Road Construction at Bassi, Block Amer",Rural Roads & Bridges,CC Road Construction,Rajasthan,Jaipur,Jaipur Rural,Amer,Bassi,26.9259,75.843,1740000.0,1740000.0,1173000.0,567000.0,2023-07-22,2023-08-15,2023-09-08,2024-01-30,,Ongoing,68.0,AGY-RWD-02,Rural Works Department (RWD) Engineering Wing,3,1,False,DEMO/SYNTHETIC DATA
MPL-2024-WE-000133,REC-2023-3554,MP-LS-17-59,Hon'ble Member of Parliament (Krishnanagar),"Paver Block Road at Dhubulia, Block Nabadwip",Rural Roads & Bridges,Paver Block Road,West Bengal,Nadia,Krishnanagar,Nabadwip,Dhubulia,23.4142,88.5125,3140000.0,3090000.0,3090000.0,0.0,2023-06-27,2023-08-06,2023-08-26,2024-03-07,2024-03-27,Completed,100.0,AGY-DRDA-04,District Rural Development Agency (DRDA),4,4,True,DEMO/SYNTHETIC DATA
MPL-2024-WE-000134,REC-2023-2608,MP-LS-17-26,Hon'ble Member of Parliament (Krishnanagar),"Community Public Toilet Complex at Bethuadahari, Block Krishnanagar-I",Health & Sanitation,Community Public Toilet Complex,West Bengal,Nadia,Krishnanagar,Krishnanagar-I,Bethuadahari,23.3291,88.4996,1630000.0,1630000.0,0.0,1630000.0,2023-02-09,2023-03-25,2023-04-21,2023-12-19,,Sanctioned,0.0,AGY-RWD-02,Rural Works Department (RWD) Engineering Wing,2,0,False,DEMO/SYNTHETIC DATA
MPL-2024-AS-000135,REC-2023-4952,MP-LS-17-27,Hon'ble Member of Parliament (Gauhati),"School Boundary Wall & Sanitation at Puthimari, Block Kamalpur",Education & Classrooms,School Boundary Wall & Sanitation,Assam,Kamrup,Gauhati,Kamalpur,Puthimari,26.0676,91.7017,2190000.0,2140000.0,940000.0,1200000.0,2023-09-17,2023-10-15,2023-11-01,2024-05-13,,Ongoing,42.0,AGY-WSS-05,Public Health Engineering & Water Supply Dept,3,3,False,DEMO/SYNTHETIC DATA
MPL-2024-RA-000136,REC-2023-7439,MP-LS-17-67,Hon'ble Member of Parliament (Jaipur Rural),"Piped Water Overhead Tank at Achrol, Block Chaksu",Drinking Water,Piped Water Overhead Tank,Rajasthan,Jaipur,Jaipur Rural,Chaksu,Achrol,26.8516,75.7116,2000000.0,2000000.0,1148000.0,852000.0,2023-01-19,2023-03-13,2023-04-10,2024-01-11,,Ongoing,54.0,AGY-RWD-02,Rural Works Department (RWD) Engineering Wing,3,3,False,DEMO/SYNTHETIC DATA
MPL-2024-BI-000137,REC-2023-8345,MP-LS-17-94,Hon'ble Member of Parliament (Patna Sahib),"Senior Citizen Recreation Shed at Baikatpur, Block Sampatchak",Community Infrastructure,Senior Citizen Recreation Shed,Bihar,Patna,Patna Sahib,Sampatchak,Baikatpur,25.5879,85.0924,2380000.0,2280000.0,1732000.0,548000.0,2023-03-21,2023-04-22,2023-05-14,2024-02-25,,Ongoing,73.0,AGY-DRDA-04,District Rural Development Agency (DRDA),4,2,False,DEMO/SYNTHETIC DATA
MPL-2024-KE-000138,REC-2023-5294,MP-LS-17-64,Hon'ble Member of Parliament (Ernakulam),"Public Bus Passenger Shelter at Kalamassery, Block Muvattupuzha",Community Infrastructure,Public Bus Passenger Shelter,Kerala,Ernakulam,Ernakulam,Muvattupuzha,Kalamassery,10.0008,76.2973,2640000.0,2540000.0,1407000.0,1133000.0,2023-07-09,2023-07-29,2023-08-16,2024-03-17,,Ongoing,58.0,AGY-DRDA-04,District Rural Development Agency (DRDA),4,3,False,DEMO/SYNTHETIC DATA
MPL-2024-MA-000139,REC-2023-3750,MP-LS-17-97,Hon'ble Member of Parliament (Thane),"Public Bus Passenger Shelter at Padgha, Block Murbad",Community Infrastructure,Public Bus Passenger Shelter,Maharashtra,Thane,Thane,Murbad,Padgha,19.1525,72.9868,1510000.0,1460000.0,1460000.0,0.0,2023-03-16,2023-04-27,2023-05-18,2023-10-28,2023-12-07,Completed,100.0,AGY-WSS-05,Public Health Engineering & Water Supply Dept,4,4,True,DEMO/SYNTHETIC DATA
MPL-2024-AS-000140,REC-2023-6110,MP-LS-17-81,Hon'ble Member of Parliament (Gauhati),"Senior Citizen Recreation Shed at Dadara, Block Rangia",Community Infrastructure,Senior Citizen Recreation Shed,Assam,Kamrup,Gauhati,Rangia,Dadara,26.2236,91.7948,2390000.0,2240000.0,2240000.0,0.0,2023-12-27,2024-01-27,2024-02-23,2024-10-20,2024-10-19,Completed,100.0,AGY-DRDA-04,District Rural Development Agency (DRDA),4,3,True,DEMO/SYNTHETIC DATA
MPL-2024-RA-000141,REC-2023-5392,MP-LS-17-63,Hon'ble Member of Parliament (Jaipur Rural),"High-Mast Solar Lighting Chowk at Bassi, Block Sanganer",Solar & Renewable Energy,High-Mast Solar Lighting Chowk,Rajasthan,Jaipur,Jaipur Rural,Sanganer,Bassi,26.95,75.857,1140000.0,990000.0,990000.0,0.0,2023-02-21,2023-03-27,2023-04-11,2024-01-01,2024-01-19,Completed,100.0,AGY-ZP-03,Zila Parishad Rural Infrastructure Cell,4,2,True,DEMO/SYNTHETIC DATA
MPL-2024-UT-000142,REC-2023-8070,MP-LS-17-34,Hon'ble Member of Parliament (Varanasi),"Smart Digital Library Block at Harahua, Block Sewapuri",Education & Classrooms,Smart Digital Library Block,Uttar Pradesh,Varanasi,Varanasi,Sewapuri,Harahua,25.385,82.9283,1990000.0,1890000.0,533000.0,1357000.0,2023-02-03,2023-03-29,2023-04-10,2023-12-17,,Ongoing,28.0,AGY-XYZ-99,XYZ Infrastructure & Construction Private Ltd,4,3,False,DEMO/SYNTHETIC DATA
MPL-2024-MA-000143,REC-2023-9246,MP-LS-17-35,Hon'ble Member of Parliament (Thane),"Paver Block Road at Padgha, Block Murbad",Rural Roads & Bridges,Paver Block Road,Maharashtra,Thane,Thane,Murbad,Padgha,19.2128,73.0204,4550000.0,4400000.0,2657000.0,1743000.0,2023-02-02,2023-03-04,2023-03-31,2023-12-21,,Ongoing,67.0,AGY-ZP-03,Zila Parishad Rural Infrastructure Cell,4,1,False,DEMO/SYNTHETIC DATA
MPL-2024-WE-000144,REC-2023-2367,MP-LS-17-48,Hon'ble Member of Parliament (Krishnanagar),"Solar Street Light Grid (50 poles) at Dhubulia, Block Nakashipara",Solar & Renewable Energy,Solar Street Light Grid (50 poles),West Bengal,Nadia,Krishnanagar,Nakashipara,Dhubulia,23.3733,88.5637,1020000.0,1020000.0,1020000.0,0.0,2023-04-01,2023-05-18,2023-05-30,2023-11-04,2023-11-06,Completed,100.0,AGY-PWD-01,Public Works Department (PWD) Division I,5,2,True,DEMO/SYNTHETIC DATA
MPL-2024-UT-000145,REC-2023-1256,MP-LS-17-37,Hon'ble Member of Parliament (Varanasi),"Public Bus Passenger Shelter at Shivpur, Block Kashi Vidyapeeth",Community Infrastructure,Public Bus Passenger Shelter,Uttar Pradesh,Varanasi,Varanasi,Kashi Vidyapeeth,Shivpur,25.3858,82.96,1140000.0,1140000.0,1140000.0,0.0,2023-05-04,2023-06-16,2023-07-04,2024-01-19,2024-01-01,Completed,100.0,AGY-WSS-05,Public Health Engineering & Water Supply Dept,5,4,True,DEMO/SYNTHETIC DATA
MPL-2024-AS-000146,REC-2023-2491,MP-LS-17-27,Hon'ble Member of Parliament (Gauhati),"Solar Street Light Grid (50 poles) at Mirza, Block Kamalpur",Solar & Renewable Energy,Solar Street Light Grid (50 poles),Assam,Kamrup,Gauhati,Kamalpur,Mirza,26.0813,91.7331,1580000.0,1430000.0,831000.0,599000.0,2023-06-22,2023-07-31,2023-08-12,2024-05-28,,Ongoing,62.0,AGY-DRDA-04,District Rural Development Agency (DRDA),2,1,False,DEMO/SYNTHETIC DATA
MPL-2024-BI-000147,REC-2023-6413,MP-LS-17-47,Hon'ble Member of Parliament (Patna Sahib),"Piped Water Overhead Tank at Baikatpur, Block Sampatchak",Drinking Water,Piped Water Overhead Tank,Bihar,Patna,Patna Sahib,Sampatchak,Baikatpur,25.6686,85.1092,2180000.0,2180000.0,2180000.0,0.0,2023-02-04,2023-03-31,2023-04-20,2023-09-12,2023-09-12,Completed,100.0,AGY-WSS-05,Public Health Engineering & Water Supply Dept,5,2,True,DEMO/SYNTHETIC DATA
MPL-2024-BI-000148,REC-2023-9249,MP-LS-17-71,Hon'ble Member of Parliament (Patna Sahib),"Health Diagnostic Equipment at Baikatpur, Block Sampatchak",Health & Sanitation,Health Diagnostic Equipment,Bihar,Patna,Patna Sahib,Sampatchak,Baikatpur,25.5654,85.1012,2100000.0,2100000.0,454000.0,1646000.0,2023-04-03,2023-05-06,2023-05-28,2023-12-18,,Ongoing,22.0,AGY-DRDA-04,District Rural Development Agency (DRDA),2,1,False,DEMO/SYNTHETIC DATA
MPL-2024-MA-000149,REC-2023-5242,MP-LS-17-86,Hon'ble Member of Parliament (Thane),"Panchayat Community Hall at Khadavali, Block Murbad",Community Infrastructure,Panchayat Community Hall,Maharashtra,Thane,Thane,Murbad,Khadavali,19.2412,72.9293,1820000.0,1670000.0,1146000.0,524000.0,2023-10-09,2023-11-26,2023-12-18,2024-09-30,,Ongoing,76.0,AGY-WSS-05,Public Health Engineering & Water Supply Dept,2,1,False,DEMO/SYNTHETIC DATA
MPL-2024-MA-000150,REC-2023-6673,MP-LS-17-75,Hon'ble Member of Parliament (Thane),"Additional Classroom Building at Tokawade, Block Bhiwandi",Education & Classrooms,Additional Classroom Building,Maharashtra,Thane,Thane,Bhiwandi,Tokawade,19.2958,73.0245,1090000.0,1040000.0,1040000.0,0.0,2023-04-16,2023-06-05,2023-06-28,2024-01-24,2024-01-04,Completed,100.0,AGY-XYZ-99,XYZ Infrastructure & Construction Private Ltd,5,3,True,DEMO/SYNTHETIC DATA
MPL-2024-KE-000151,REC-2023-5897,MP-LS-17-71,Hon'ble Member of Parliament (Ernakulam),"CC Road Construction at Edappally, Block Paravur",Rural Roads & Bridges,CC Road Construction,Kerala,Ernakulam,Ernakulam,Paravur,Edappally,9.9966,76.3352,3930000.0,3930000.0,3930000.0,0.0,2023-07-19,2023-09-04,2023-09-28,2024-02-09,2024-02-27,Completed,100.0,AGY-WSS-05,Public Health Engineering & Water Supply Dept,5,3,True,DEMO/SYNTHETIC DATA
MPL-2024-KE-000152,REC-2023-4572,MP-LS-17-23,Hon'ble Member of Parliament (Ernakulam),"RO Water Treatment Plant at Kalamassery, Block Vyttila",Drinking Water,RO Water Treatment Plant,Kerala,Ernakulam,Ernakulam,Vyttila,Kalamassery,9.9422,76.3195,2240000.0,2140000.0,1697000.0,443000.0,2023-06-25,2023-08-10,2023-08-30,2024-04-10,,Ongoing,74.0,AGY-DRDA-04,District Rural Development Agency (DRDA),2,1,False,DEMO/SYNTHETIC DATA
MPL-2024-RA-000153,REC-2023-4213,MP-LS-17-42,Hon'ble Member of Parliament (Jaipur Rural),"School Science Laboratory at Kukas, Block Amer",Education & Classrooms,School Science Laboratory,Rajasthan,Jaipur,Jaipur Rural,Amer,Kukas,26.9388,75.7981,2380000.0,2380000.0,2380000.0,0.0,2023-05-07,2023-06-05,2023-06-30,2024-03-06,2024-03-04,Completed,100.0,AGY-WSS-05,Public Health Engineering & Water Supply Dept,5,4,True,DEMO/SYNTHETIC DATA
MPL-2024-RA-000154,REC-2023-7821,MP-LS-17-60,Hon'ble Member of Parliament (Jaipur Rural),"RO Water Treatment Plant at Manoharpur, Block Kotputli",Drinking Water,RO Water Treatment Plant,Rajasthan,Jaipur,Jaipur Rural,Kotputli,Manoharpur,26.9791,75.8567,1520000.0,1470000.0,1470000.0,0.0,2023-04-11,2023-05-19,2023-06-04,2023-10-26,2023-11-10,Completed,100.0,AGY-RWD-02,Rural Works Department (RWD) Engineering Wing,4,2,True,DEMO/SYNTHETIC DATA
MPL-2024-MA-000155,REC-2023-5140,MP-LS-17-11,Hon'ble Member of Parliament (Thane),"School Science Laboratory at Saralgaon, Block Shahapur",Education & Classrooms,School Science Laboratory,Maharashtra,Thane,Thane,Shahapur,Saralgaon,19.2493,72.9329,1630000.0,1530000.0,607000.0,923000.0,2023-01-15,2023-02-20,2023-03-13,2023-12-25,,Ongoing,44.0,AGY-ZP-03,Zila Parishad Rural Infrastructure Cell,3,2,False,DEMO/SYNTHETIC DATA
MPL-2024-BI-000156,REC-2023-2025,MP-LS-17-92,Hon'ble Member of Parliament (Patna Sahib),"Solar Street Light Grid (50 poles) at Jethuli, Block Fatuha",Solar & Renewable Energy,Solar Street Light Grid (50 poles),Bihar,Patna,Patna Sahib,Fatuha,Jethuli,25.539,85.2081,1830000.0,1780000.0,1780000.0,0.0,2023-08-16,2023-09-28,2023-10-22,2024-05-24,2024-06-10,Completed,100.0,AGY-WSS-05,Public Health Engineering & Water Supply Dept,4,2,True,DEMO/SYNTHETIC DATA
MPL-2024-BI-000157,REC-2023-9489,MP-LS-17-62,Hon'ble Member of Parliament (Patna Sahib),"Smart Digital Library Block at Gauri Chak, Block Bakhtiarpur",Education & Classrooms,Smart Digital Library Block,Bihar,Patna,Patna Sahib,Bakhtiarpur,Gauri Chak,25.67,85.206,1000000.0,900000.0,900000.0,0.0,2023-09-02,2023-10-26,2023-11-07,2024-08-15,2024-08-30,Completed,100.0,AGY-XYZ-99,XYZ Infrastructure & Construction Private Ltd,5,3,True,DEMO/SYNTHETIC DATA
MPL-2024-MA-000158,REC-2023-7987,MP-LS-17-83,Hon'ble Member of Parliament (Thane),"Culvert & Drainage Bridge at Tokawade, Block Ambernath",Rural Roads & Bridges,Culvert & Drainage Bridge,Maharashtra,Thane,Thane,Ambernath,Tokawade,19.1398,72.9285,3460000.0,3360000.0,3360000.0,0.0,2023-06-11,2023-07-04,2023-07-29,2024-02-05,2024-03-15,Completed,100.0,AGY-DRDA-04,District Rural Development Agency (DRDA),5,3,True,DEMO/SYNTHETIC DATA
MPL-2024-WE-000159,REC-2023-4262,MP-LS-17-38,Hon'ble Member of Parliament (Krishnanagar),"High-Mast Solar Lighting Chowk at Debagram, Block Chapra",Solar & Renewable Energy,High-Mast Solar Lighting Chowk,West Bengal,Nadia,Krishnanagar,Chapra,Debagram,23.3632,88.4598,1070000.0,1020000.0,1020000.0,0.0,2023-07-07,2023-08-17,2023-08-31,2024-02-28,2024-02-12,Completed,100.0,AGY-PWD-01,Public Works Department (PWD) Division I,4,4,True,DEMO/SYNTHETIC DATA
MPL-2024-WE-000160,REC-2023-4123,MP-LS-17-31,Hon'ble Member of Parliament (Krishnanagar),"Health Diagnostic Equipment at Mayapur, Block Nakashipara",Health & Sanitation,Health Diagnostic Equipment,West Bengal,Nadia,Krishnanagar,Nakashipara,Mayapur,23.3818,88.508,3010000.0,2960000.0,2960000.0,0.0,2023-06-19,2023-08-14,2023-08-27,2024-02-09,2024-02-11,Completed,100.0,AGY-WSS-05,Public Health Engineering & Water Supply Dept,5,2,True,DEMO/SYNTHETIC DATA
MPL-2024-BI-000161,REC-2023-7957,MP-LS-17-15,Hon'ble Member of Parliament (Patna Sahib),"Rooftop Solar for Govt Hospital at Jethuli, Block Bakhtiarpur",Solar & Renewable Energy,Rooftop Solar for Govt Hospital,Bihar,Patna,Patna Sahib,Bakhtiarpur,Jethuli,25.648,85.1224,1580000.0,1580000.0,379000.0,1201000.0,2023-11-18,2024-01-07,2024-01-28,2024-10-12,,Ongoing,23.0,AGY-XYZ-99,XYZ Infrastructure & Construction Private Ltd,4,2,False,DEMO/SYNTHETIC DATA
MPL-2024-AS-000162,REC-2023-2199,MP-LS-17-21,Hon'ble Member of Parliament (Gauhati),"Deep Borewell & Solar Pump System at Puthimari, Block Chaygaon",Drinking Water,Deep Borewell & Solar Pump System,Assam,Kamrup,Gauhati,Chaygaon,Puthimari,26.2217,91.7187,640000.0,590000.0,590000.0,0.0,2023-10-07,2023-11-22,2023-12-10,2024-06-12,2024-06-01,Completed,100.0,AGY-PWD-01,Public Works Department (PWD) Division I,4,3,True,DEMO/SYNTHETIC DATA
MPL-2024-MA-000163,REC-2023-5326,MP-LS-17-68,Hon'ble Member of Parliament (Thane),"Link Road Widening at Vashind, Block Shahapur",Rural Roads & Bridges,Link Road Widening,Maharashtra,Thane,Thane,Shahapur,Vashind,19.295,72.9018,3640000.0,3540000.0,2432000.0,1108000.0,2023-12-25,2024-02-23,2024-03-08,2024-12-17,,Ongoing,68.0,AGY-XYZ-99,XYZ Infrastructure & Construction Private Ltd,4,1,False,DEMO/SYNTHETIC DATA
MPL-2024-KE-000164,REC-2023-6776,MP-LS-17-97,Hon'ble Member of Parliament (Ernakulam),"High-Mast Solar Lighting Chowk at Edappally, Block Angamaly",Solar & Renewable Energy,High-Mast Solar Lighting Chowk,Kerala,Ernakulam,Ernakulam,Angamaly,Edappally,9.9305,76.243,1160000.0,1160000.0,1160000.0,0.0,2023-03-20,2023-04-24,2023-05-22,2023-10-25,2023-11-29,Completed,100.0,AGY-ZP-03,Zila Parishad Rural Infrastructure Cell,5,3,True,DEMO/SYNTHETIC DATA
MPL-2024-AS-000165,REC-2023-9122,MP-LS-17-25,Hon'ble Member of Parliament (Gauhati),"Link Road Widening at Mirza, Block Kamalpur",Rural Roads & Bridges,Link Road Widening,Assam,Kamrup,Gauhati,Kamalpur,Mirza,26.0877,91.736,3220000.0,3120000.0,1204000.0,1916000.0,2023-08-18,2023-10-17,2023-10-30,2024-06-30,,Ongoing,38.0,AGY-PWD-01,Public Works Department (PWD) Division I,3,2,False,DEMO/SYNTHETIC DATA
MPL-2024-AS-000166,REC-2023-2478,MP-LS-17-80,Hon'ble Member of Parliament (Gauhati),"CC Road Construction at Dadara, Block Chaygaon",Rural Roads & Bridges,CC Road Construction,Assam,Kamrup,Gauhati,Chaygaon,Dadara,26.1009,91.7003,1670000.0,1620000.0,1352000.0,268000.0,2023-03-01,2023-04-03,2023-04-18,2023-11-14,,Ongoing,81.0,AGY-PWD-01,Public Works Department (PWD) Division I,2,1,False,DEMO/SYNTHETIC DATA
MPL-2024-UT-000167,REC-2023-2650,MP-LS-17-93,Hon'ble Member of Parliament (Varanasi),"Deep Borewell & Solar Pump System at Tikari, Block Sewapuri",Drinking Water,Deep Borewell & Solar Pump System,Uttar Pradesh,Varanasi,Varanasi,Sewapuri,Tikari,25.323,82.9471,2140000.0,1990000.0,1990000.0,0.0,2023-02-08,2023-03-08,2023-04-02,2023-08-17,2023-09-17,Completed,100.0,AGY-XYZ-99,XYZ Infrastructure & Construction Private Ltd,4,3,True,DEMO/SYNTHETIC DATA
MPL-2024-RA-000168,REC-2023-7485,MP-LS-17-21,Hon'ble Member of Parliament (Jaipur Rural),"Health Diagnostic Equipment at Manoharpur, Block Kotputli",Health & Sanitation,Health Diagnostic Equipment,Rajasthan,Jaipur,Jaipur Rural,Kotputli,Manoharpur,26.8569,75.7898,2770000.0,2720000.0,1026000.0,1694000.0,2023-01-13,2023-03-06,2023-03-23,2023-10-24,,Ongoing,36.0,AGY-ZP-03,Zila Parishad Rural Infrastructure Cell,4,1,False,DEMO/SYNTHETIC DATA
MPL-2024-KA-000169,REC-2023-1765,MP-LS-17-58,Hon'ble Member of Parliament (Bangalore North),"Additional Classroom Building at Mandur, Block Yelahanka",Education & Classrooms,Additional Classroom Building,Karnataka,Bengaluru Urban,Bangalore North,Yelahanka,Mandur,13.0358,77.6239,3290000.0,3190000.0,2441000.0,749000.0,2023-06-08,2023-08-04,2023-08-14,2024-04-28,,Ongoing,80.0,AGY-DRDA-04,District Rural Development Agency (DRDA),4,1,False,DEMO/SYNTHETIC DATA
MPL-2024-MA-000170,REC-2023-1586,MP-LS-17-91,Hon'ble Member of Parliament (Thane),"Primary Health Sub-Centre Building at Saralgaon, Block Ambernath",Health & Sanitation,Primary Health Sub-Centre Building,Maharashtra,Thane,Thane,Ambernath,Saralgaon,19.1464,73.0387,2200000.0,2050000.0,2050000.0,0.0,2023-12-10,2024-01-19,2024-02-08,2024-11-24,2024-11-30,Completed,100.0,AGY-RWD-02,Rural Works Department (RWD) Engineering Wing,4,3,True,DEMO/SYNTHETIC DATA
MPL-2024-BI-000171,REC-2023-8400,MP-LS-17-19,Hon'ble Member of Parliament (Patna Sahib),"Crematorium Shed with Amenities at Gauri Chak, Block Bakhtiarpur",Community Infrastructure,Crematorium Shed with Amenities,Bihar,Patna,Patna Sahib,Bakhtiarpur,Gauri Chak,25.5178,85.1622,3950000.0,3850000.0,0.0,3850000.0,2023-02-17,2023-03-27,2023-04-17,2024-01-22,,Sanctioned,0.0,AGY-XYZ-99,XYZ Infrastructure & Construction Private Ltd,2,0,False,DEMO/SYNTHETIC DATA
MPL-2024-BI-000172,REC-2023-4548,MP-LS-17-89,Hon'ble Member of Parliament (Patna Sahib),"Link Road Widening at Gauri Chak, Block Phulwari Sharif",Rural Roads & Bridges,Link Road Widening,Bihar,Patna,Patna Sahib,Phulwari Sharif,Gauri Chak,25.5876,85.0917,3300000.0,3250000.0,3250000.0,0.0,2023-05-10,2023-06-25,2023-07-08,2024-01-12,2024-01-27,Completed,100.0,AGY-XYZ-99,XYZ Infrastructure & Construction Private Ltd,5,3,True,DEMO/SYNTHETIC DATA
MPL-2024-WE-000173,REC-2023-5164,MP-LS-17-10,Hon'ble Member of Parliament (Krishnanagar),"School Boundary Wall & Sanitation at Mayapur, Block Nabadwip",Education & Classrooms,School Boundary Wall & Sanitation,West Bengal,Nadia,Krishnanagar,Nabadwip,Mayapur,23.3391,88.5285,2500000.0,2350000.0,1312000.0,1038000.0,2023-08-23,2023-10-02,2023-10-30,2024-07-12,,Ongoing,53.0,AGY-WSS-05,Public Health Engineering & Water Supply Dept,2,1,False,DEMO/SYNTHETIC DATA
MPL-2024-BI-000174,REC-2023-9788,MP-LS-17-40,Hon'ble Member of Parliament (Patna Sahib),"Rooftop Solar for Govt Hospital at Ranipur, Block Sampatchak",Solar & Renewable Energy,Rooftop Solar for Govt Hospital,Bihar,Patna,Patna Sahib,Sampatchak,Ranipur,25.5149,85.1982,1600000.0,1600000.0,1600000.0,0.0,2023-01-13,2023-02-23,2023-03-23,2023-12-28,2023-12-30,Completed,100.0,AGY-XYZ-99,XYZ Infrastructure & Construction Private Ltd,5,2,True,DEMO/SYNTHETIC DATA
MPL-2024-KA-000175,REC-2023-5448,MP-LS-17-79,Hon'ble Member of Parliament (Bangalore North),"School Science Laboratory at Mandur, Block K.R. Puram",Education & Classrooms,School Science Laboratory,Karnataka,Bengaluru Urban,Bangalore North,K.R. Puram,Mandur,13.0286,77.5656,3540000.0,3490000.0,1769000.0,1721000.0,2023-08-17,2023-10-01,2023-10-14,2024-03-11,,Ongoing,50.0,AGY-RWD-02,Rural Works Department (RWD) Engineering Wing,3,3,False,DEMO/SYNTHETIC DATA
MPL-2024-MA-000176,REC-2023-4953,MP-LS-17-42,Hon'ble Member of Parliament (Thane),"Solar Street Light Grid (50 poles) at Vashind, Block Murbad",Solar & Renewable Energy,Solar Street Light Grid (50 poles),Maharashtra,Thane,Thane,Murbad,Vashind,19.1441,72.9833,1520000.0,1470000.0,589000.0,881000.0,2023-02-04,2023-03-03,2023-03-30,2023-11-07,,Ongoing,40.0,AGY-ZP-03,Zila Parishad Rural Infrastructure Cell,2,1,False,DEMO/SYNTHETIC DATA
MPL-2024-RA-000177,REC-2023-7652,MP-LS-17-12,Hon'ble Member of Parliament (Jaipur Rural),"Senior Citizen Recreation Shed at Nayla, Block Kotputli",Community Infrastructure,Senior Citizen Recreation Shed,Rajasthan,Jaipur,Jaipur Rural,Kotputli,Nayla,26.9494,75.7927,1750000.0,1700000.0,0.0,1700000.0,2023-06-24,2023-08-16,2023-09-05,2024-04-26,,Sanctioned,0.0,AGY-PWD-01,Public Works Department (PWD) Division I,2,0,False,DEMO/SYNTHETIC DATA
MPL-2024-WE-000178,REC-2023-7994,MP-LS-17-32,Hon'ble Member of Parliament (Krishnanagar),"Rooftop Solar for Govt Hospital at Tehatta, Block Chapra",Solar & Renewable Energy,Rooftop Solar for Govt Hospital,West Bengal,Nadia,Krishnanagar,Chapra,Tehatta,23.4276,88.5799,1240000.0,1140000.0,364000.0,776000.0,2023-04-16,2023-05-12,2023-05-29,2023-12-07,,Ongoing,31.0,AGY-ZP-03,Zila Parishad Rural Infrastructure Cell,3,1,False,DEMO/SYNTHETIC DATA
MPL-2024-KE-000179,REC-2023-2560,MP-LS-17-22,Hon'ble Member of Parliament (Ernakulam),"School Science Laboratory at Cherai, Block Angamaly",Education & Classrooms,School Science Laboratory,Kerala,Ernakulam,Ernakulam,Angamaly,Cherai,9.9276,76.3317,2520000.0,2470000.0,2470000.0,0.0,2023-05-06,2023-06-01,2023-06-18,2023-10-24,2023-11-25,Completed,100.0,AGY-ZP-03,Zila Parishad Rural Infrastructure Cell,4,2,True,DEMO/SYNTHETIC DATA
MPL-2024-UT-000180,REC-2023-5331,MP-LS-17-22,Hon'ble Member of Parliament (Varanasi),"Link Road Widening at Chhatar, Block Pindra",Rural Roads & Bridges,Link Road Widening,Uttar Pradesh,Varanasi,Varanasi,Pindra,Chhatar,25.3107,82.9469,3450000.0,3300000.0,1146000.0,2154000.0,2023-06-14,2023-07-13,2023-07-25,2024-01-17,,Ongoing,34.0,AGY-ZP-03,Zila Parishad Rural Infrastructure Cell,4,1,False,DEMO/SYNTHETIC DATA
MPL-2024-KE-000181,REC-2023-7829,MP-LS-17-88,Hon'ble Member of Parliament (Ernakulam),"CC Road Construction at Edappally, Block Vyttila",Rural Roads & Bridges,CC Road Construction,Kerala,Ernakulam,Ernakulam,Vyttila,Edappally,10.0293,76.3107,2790000.0,2690000.0,0.0,2690000.0,2023-11-27,2023-12-31,2024-01-28,2024-07-12,,Sanctioned,0.0,AGY-ZP-03,Zila Parishad Rural Infrastructure Cell,2,0,False,DEMO/SYNTHETIC DATA
MPL-2024-BI-000182,REC-2023-4996,MP-LS-17-59,Hon'ble Member of Parliament (Patna Sahib),"School Science Laboratory at Jethuli, Block Fatuha",Education & Classrooms,School Science Laboratory,Bihar,Patna,Patna Sahib,Fatuha,Jethuli,25.5724,85.154,2980000.0,2880000.0,2880000.0,0.0,2023-02-06,2023-03-06,2023-03-22,2023-12-22,2024-01-25,Completed,100.0,AGY-DRDA-04,District Rural Development Agency (DRDA),4,4,True,DEMO/SYNTHETIC DATA
MPL-2024-KE-000183,REC-2023-8066,MP-LS-17-84,Hon'ble Member of Parliament (Ernakulam),"Village Waste Segregation Shed at Kothamangalam, Block Muvattupuzha",Health & Sanitation,Village Waste Segregation Shed,Kerala,Ernakulam,Ernakulam,Muvattupuzha,Kothamangalam,10.0588,76.2233,2900000.0,2850000.0,2850000.0,0.0,2023-09-21,2023-10-20,2023-11-07,2024-06-15,2024-06-26,Completed,100.0,AGY-ZP-03,Zila Parishad Rural Infrastructure Cell,5,4,True,DEMO/SYNTHETIC DATA
MPL-2024-AS-000184,REC-2023-8797,MP-LS-17-83,Hon'ble Member of Parliament (Gauhati),"Link Road Widening at Sualkuchi, Block Chaygaon",Rural Roads & Bridges,Link Road Widening,Assam,Kamrup,Gauhati,Chaygaon,Sualkuchi,26.1104,91.806,2480000.0,2480000.0,887000.0,1593000.0,2023-12-04,2023-12-29,2024-01-28,2024-11-05,,Ongoing,35.0,AGY-RWD-02,Rural Works Department (RWD) Engineering Wing,4,2,False,DEMO/SYNTHETIC DATA
MPL-2024-KE-000185,REC-2023-8385,MP-LS-17-84,Hon'ble Member of Parliament (Ernakulam),"School Science Laboratory at Edappally, Block Angamaly",Education & Classrooms,School Science Laboratory,Kerala,Ernakulam,Ernakulam,Angamaly,Edappally,9.938,76.2318,1020000.0,870000.0,759000.0,111000.0,2023-12-02,2024-01-18,2024-02-13,2024-11-04,,Ongoing,83.0,AGY-XYZ-99,XYZ Infrastructure & Construction Private Ltd,3,2,False,DEMO/SYNTHETIC DATA
MPL-2024-WE-000186,REC-2023-8277,MP-LS-17-90,Hon'ble Member of Parliament (Krishnanagar),"Rooftop Solar for Govt Hospital at Bethuadahari, Block Nakashipara",Solar & Renewable Energy,Rooftop Solar for Govt Hospital,West Bengal,Nadia,Krishnanagar,Nakashipara,Bethuadahari,23.3756,88.5203,860000.0,760000.0,474000.0,286000.0,2023-11-11,2023-12-14,2024-01-07,2024-06-12,,Ongoing,57.0,AGY-XYZ-99,XYZ Infrastructure & Construction Private Ltd,4,2,False,DEMO/SYNTHETIC DATA
MPL-2024-RA-000187,REC-2023-7797,MP-LS-17-54,Hon'ble Member of Parliament (Jaipur Rural),"Rooftop Solar for Govt Hospital at Manoharpur, Block Shahpura",Solar & Renewable Energy,Rooftop Solar for Govt Hospital,Rajasthan,Jaipur,Jaipur Rural,Shahpura,Manoharpur,26.9652,75.8456,930000.0,930000.0,219000.0,711000.0,2023-02-21,2023-03-28,2023-04-12,2023-09-08,,Ongoing,25.0,AGY-ZP-03,Zila Parishad Rural Infrastructure Cell,4,2,False,DEMO/SYNTHETIC DATA
MPL-2024-MA-000188,REC-2023-9707,MP-LS-17-35,Hon'ble Member of Parliament (Thane),"High-Mast Solar Lighting Chowk at Titwala, Block Murbad",Solar & Renewable Energy,High-Mast Solar Lighting Chowk,Maharashtra,Thane,Thane,Murbad,Titwala,19.1735,72.9313,760000.0,610000.0,610000.0,0.0,2023-04-12,2023-05-28,2023-06-24,2023-11-27,2024-01-05,Completed,100.0,AGY-WSS-05,Public Health Engineering & Water Supply Dept,4,2,True,DEMO/SYNTHETIC DATA
MPL-2024-KE-000189,REC-2023-6216,MP-LS-17-21,Hon'ble Member of Parliament (Ernakulam),"Paver Block Road at Perumbavoor, Block Aluva",Rural Roads & Bridges,Paver Block Road,Kerala,Ernakulam,Ernakulam,Aluva,Perumbavoor,9.9104,76.2208,4270000.0,4170000.0,2324000.0,1846000.0,2023-11-15,2024-01-09,2024-01-31,2024-10-12,,Ongoing,56.0,AGY-WSS-05,Public Health Engineering & Water Supply Dept,2,3,False,DEMO/SYNTHETIC DATA
MPL-2024-KA-000190,REC-2023-3553,MP-LS-17-85,Hon'ble Member of Parliament (Bangalore North),"Link Road Widening at Mandur, Block Yelahanka",Rural Roads & Bridges,Link Road Widening,Karnataka,Bengaluru Urban,Bangalore North,Yelahanka,Mandur,12.9338,77.5949,1730000.0,1680000.0,1518000.0,162000.0,2023-05-16,2023-07-12,2023-08-04,2024-03-27,,Ongoing,83.0,AGY-XYZ-99,XYZ Infrastructure & Construction Private Ltd,4,3,False,DEMO/SYNTHETIC DATA
MPL-2024-KA-000191,REC-2023-7909,MP-LS-17-39,Hon'ble Member of Parliament (Bangalore North),"Smart Digital Library Block at Doddaballapur Rd, Block Bengaluru North",Education & Classrooms,Smart Digital Library Block,Karnataka,Bengaluru Urban,Bangalore North,Bengaluru North,Doddaballapur Rd,13.0129,77.6384,1680000.0,1630000.0,1272000.0,358000.0,2023-03-10,2023-04-20,2023-05-03,2023-10-29,,Ongoing,82.0,AGY-DRDA-04,District Rural Development Agency (DRDA),4,1,False,DEMO/SYNTHETIC DATA
MPL-2024-UT-000192,REC-2023-7550,MP-LS-17-79,Hon'ble Member of Parliament (Varanasi),"CC Road Construction at Harahua, Block Kashi Vidyapeeth",Rural Roads & Bridges,CC Road Construction,Uttar Pradesh,Varanasi,Varanasi,Kashi Vidyapeeth,Harahua,25.3091,83.0204,2100000.0,2100000.0,1427000.0,673000.0,2023-12-09,2024-01-18,2024-02-17,2024-10-02,,Ongoing,74.0,AGY-ZP-03,Zila Parishad Rural Infrastructure Cell,4,2,False,DEMO/SYNTHETIC DATA
MPL-2024-BI-000193,REC-2023-1230,MP-LS-17-32,Hon'ble Member of Parliament (Patna Sahib),"Paver Block Road at Baikatpur, Block Phulwari Sharif",Rural Roads & Bridges,Paver Block Road,Bihar,Patna,Patna Sahib,Phulwari Sharif,Baikatpur,25.5414,85.0717,3990000.0,3840000.0,3840000.0,0.0,2023-08-07,2023-09-04,2023-09-23,2024-04-03,2024-04-07,Completed,100.0,AGY-XYZ-99,XYZ Infrastructure & Construction Private Ltd,4,4,True,DEMO/SYNTHETIC DATA
MPL-2024-MA-000194,REC-2023-4486,MP-LS-17-86,Hon'ble Member of Parliament (Thane),"Link Road Widening at Khadavali, Block Kalyan",Rural Roads & Bridges,Link Road Widening,Maharashtra,Thane,Thane,Kalyan,Khadavali,19.1393,73.0362,1710000.0,1610000.0,1610000.0,0.0,2023-01-12,2023-02-10,2023-03-09,2023-12-11,2024-01-09,Completed,100.0,AGY-XYZ-99,XYZ Infrastructure & Construction Private Ltd,4,4,True,DEMO/SYNTHETIC DATA
MPL-2024-BI-000195,REC-2023-5553,MP-LS-17-91,Hon'ble Member of Parliament (Patna Sahib),"Hand Pump Installation Cluster at Ranipur, Block Bakhtiarpur",Drinking Water,Hand Pump Installation Cluster,Bihar,Patna,Patna Sahib,Bakhtiarpur,Ranipur,25.6352,85.0743,840000.0,740000.0,201000.0,539000.0,2023-02-08,2023-03-31,2023-04-19,2023-11-12,,Ongoing,27.0,AGY-RWD-02,Rural Works Department (RWD) Engineering Wing,2,1,False,DEMO/SYNTHETIC DATA
MPL-2024-AS-000196,REC-2023-2896,MP-LS-17-12,Hon'ble Member of Parliament (Gauhati),"High-Mast Solar Lighting Chowk at Sualkuchi, Block Hajo",Solar & Renewable Energy,High-Mast Solar Lighting Chowk,Assam,Kamrup,Gauhati,Hajo,Sualkuchi,26.1738,91.6907,1340000.0,1190000.0,657000.0,533000.0,2023-03-08,2023-04-16,2023-05-15,2023-11-17,,Ongoing,58.0,AGY-RWD-02,Rural Works Department (RWD) Engineering Wing,4,2,False,DEMO/SYNTHETIC DATA
MPL-2024-BI-000197,REC-2023-4900,MP-LS-17-83,Hon'ble Member of Parliament (Patna Sahib),"Piped Water Overhead Tank at Baikatpur, Block Bakhtiarpur",Drinking Water,Piped Water Overhead Tank,Bihar,Patna,Patna Sahib,Bakhtiarpur,Baikatpur,25.5945,85.1284,2130000.0,2080000.0,0.0,2080000.0,2023-11-21,2024-01-04,2024-01-23,2024-06-26,,Sanctioned,0.0,AGY-XYZ-99,XYZ Infrastructure & Construction Private Ltd,2,0,False,DEMO/SYNTHETIC DATA
MPL-2024-KA-000198,REC-2023-7249,MP-LS-17-47,Hon'ble Member of Parliament (Bangalore North),"Piped Water Overhead Tank at Doddaballapur Rd, Block Bengaluru North",Drinking Water,Piped Water Overhead Tank,Karnataka,Bengaluru Urban,Bangalore North,Bengaluru North,Doddaballapur Rd,13.0205,77.6192,1260000.0,1160000.0,924000.0,236000.0,2023-01-26,2023-02-15,2023-03-12,2023-08-23,,Ongoing,82.0,AGY-DRDA-04,District Rural Development Agency (DRDA),4,2,False,DEMO/SYNTHETIC DATA
MPL-2024-MA-000199,REC-2023-5414,MP-LS-17-65,Hon'ble Member of Parliament (Thane),"Public Bus Passenger Shelter at Vashind, Block Ambernath",Community Infrastructure,Public Bus Passenger Shelter,Maharashtra,Thane,Thane,Ambernath,Vashind,19.2641,72.9367,1160000.0,1060000.0,1060000.0,0.0,2023-02-14,2023-03-14,2023-03-26,2023-08-04,2023-07-20,Completed,100.0,AGY-XYZ-99,XYZ Infrastructure & Construction Private Ltd,5,4,True,DEMO/SYNTHETIC DATA
MPL-2024-WE-000200,REC-2023-3619,MP-LS-17-50,Hon'ble Member of Parliament (Krishnanagar),"School Science Laboratory at Tehatta, Block Krishnanagar-I",Education & Classrooms,School Science Laboratory,West Bengal,Nadia,Krishnanagar,Krishnanagar-I,Tehatta,23.4589,88.5612,3360000.0,3260000.0,1001000.0,2259000.0,2023-03-07,2023-04-07,2023-05-02,2024-02-04,,Ongoing,34.0,AGY-XYZ-99,XYZ Infrastructure & Construction Private Ltd,4,1,False,DEMO/SYNTHETIC DATA
